ExperimentName,Subject,Session,Block,ListNum,cue_target,JOL Rating,cue_target,Recall Response,Recall Correct?
T_JOL D,56,1,1,1,Flip - Turn,70,Flip - ?,turn,
T_JOL D,56,1,1,2,Windshield - Car,100,Windsield - ?,car,
T_JOL D,56,1,1,3,Villain - Bad,100,Villian - ?,bad,
T_JOL D,56,1,1,4,Penguin - Bird,50,Penguin - ?,bird,
T_JOL D,56,1,1,5,Actress - Star,100,Actress - ?,star,
T_JOL D,56,1,1,6,Thimble - Thread,50,Thimble - ?,thread,
T_JOL D,56,1,1,7,Revenge - Even,50,Revenge - ?,even,
T_JOL D,56,1,1,8,Balloon - Pop,100,Balloon - ?,pop,
T_JOL D,56,1,1,9,Strawberry - Fruit,100,Strawberry - ?,fruit,
T_JOL D,56,1,1,10,Favorite - Best,80,Favorite - ?,,
T_JOL D,56,1,1,11,Panther - Cat,100,Panther - ?,cat,
T_JOL D,56,1,1,12,Breakable - Glass,50,Breakable - ?,glass,
T_JOL D,56,1,1,13,Coffin - Dead,100,Coffin - ?,death,
T_JOL D,56,1,1,14,Aircraft - Plane,100,Aircraft - ?,plane,
T_JOL D,56,1,1,15,Sardine - Fish,80,Sardine - ?,fish,
T_JOL D,56,1,1,16,League - Baseball,90,League - ?,baseball,
T_JOL D,56,1,1,17,Banker - Money,100,Banker - ?,money,
T_JOL D,56,1,1,18,Truthful - Honest,100,Truthful - ?,honest,
T_JOL D,56,1,1,19,Nap - Sleep,100,Nap - ?,sleep,
T_JOL D,56,1,1,20,Brawl - Fight,90,Brawl - ?,fight,
T_JOL D,56,1,1,21,Long - Extension,60,Long - ?,,
T_JOL D,56,1,1,22,Game - Clue,70,Game - ?,competition,
T_JOL D,56,1,1,23,Tie - Shoelace,90,Tie - ?,,
T_JOL D,56,1,1,24,Mystery - Detective,90,Mystery - ?,detective,
T_JOL D,56,1,1,25,End - Adjourn,20,End - ?,,
T_JOL D,56,1,1,26,Dog - Furry,60,Dog - ?,furry,
T_JOL D,56,1,1,27,Trash - Litter,10,Trash - ?,litter,
T_JOL D,56,1,1,28,Red - Cherry,90,Red - ?,cherry,
T_JOL D,56,1,1,29,Head - Scalp,100,Head - ?,scalp,
T_JOL D,56,1,1,30,Car - Driver,10,Car - ?,driver,
T_JOL D,56,1,1,31,Cut - Chop,90,Cut - ?,chop,
T_JOL D,56,1,1,32,Donkey - Mule,100,Donkey - ?,mule,
T_JOL D,56,1,1,33,Paper - Document,90,Paper - ?,document,
T_JOL D,56,1,1,34,Smell - Incense,20,Smell - ?,incense,
T_JOL D,56,1,1,35,Eat - Dine,100,Eat - ?,dine,
T_JOL D,56,1,1,36,Scissors - Shears,40,Scissors - ?,,
T_JOL D,56,1,1,37,Fight - Feud,20,Fight - ?,brawl,
T_JOL D,56,1,1,38,Plant - Cactus,100,Plant - ?,cactus,
T_JOL D,56,1,1,39,Cold - Chill,100,Cold - ?,chilly,
T_JOL D,56,1,1,40,Love - Affection,100,Love - ?,affection,
T_JOL D,56,1,1,41,Shave - Razor,100,Shave - ?,,
T_JOL D,56,1,1,42,Equal - Rights,100,Equal - ?,rigts,
T_JOL D,56,1,1,43,Jar - Mason,100,Jar - ?,mason,
T_JOL D,56,1,1,44,Wax - Candle,100,Wax - ?,candle,
T_JOL D,56,1,1,45,Bracelet - Wrist,100,Bracelet - ?,wrist,
T_JOL D,56,1,1,46,Carbon - Element,100,Carbon - ?,element,
T_JOL D,56,1,1,47,Away - Gone,100,Away - ?,gone,
T_JOL D,56,1,1,48,Drink - Water,100,Drink - ?,water,
T_JOL D,56,1,1,49,Ground - Earth,100,Ground - ?,earthj,
T_JOL D,56,1,1,50,Lonely - Alone,100,Lonely - ?,alone,
T_JOL D,56,1,1,51,Seatbelt - Safety,100,Seatbelt - ?,safety,
T_JOL D,56,1,1,52,Lie - Truth,100,Lie - ?,truth,
T_JOL D,56,1,1,53,Communication - Phone,90,Communication - ?,phone,
T_JOL D,56,1,1,54,Reel - Rod,50,Reel - ?,rod,
T_JOL D,56,1,1,55,Tick - Flea,100,Tick - ?,flea,
T_JOL D,56,1,1,56,Noise - Loud,100,Noise - ?,loud,
T_JOL D,56,1,1,57,Have - Own,100,Have - ?,own,
T_JOL D,56,1,1,58,Temper - Tantrum,100,Temper - ?,tantrum,
T_JOL D,56,1,1,59,Tan - Sun,100,Tan - ?,sun,
T_JOL D,56,1,1,60,Maroon - Justice,0,Maroon - ?,,
T_JOL D,56,1,1,61,Cloth - Stretch,50,Cloth - ?,,
T_JOL D,56,1,1,62,Election - Maze,0,Election - ?,,
T_JOL D,56,1,1,63,Charm - Vehicle,20,Charm - ?,,
T_JOL D,56,1,1,64,Obtain - Meat,10,Obtain - ?,,
T_JOL D,56,1,1,65,Able - Crackle,,Able - ?,,
T_JOL D,56,1,1,66,Shake - Shell,20,Shake - ?,,
T_JOL D,56,1,1,67,Fiction - Listen,0,Fiction - ?,,
T_JOL D,56,1,1,68,Joke - Keys,0,Joke - ?,,
T_JOL D,56,1,1,69,Hate - Name,0,Hate - ?,love,
T_JOL D,56,1,1,70,Bang - Fuzzy,0,Clear - ?,,
T_JOL D,56,1,1,71,Clear - Moat,0,Wet - ?,dry,
T_JOL D,56,1,1,72,Wet - Dry,100,Bang - ?,,
T_JOL D,56,1,1,73,Steak - Give,20,Steak - ?,,
T_JOL D,56,1,1,74,Clothes - Cake,0,Clothes - ?,,
T_JOL D,56,1,1,75,Toil - Lease,0,Toil - ?,,
T_JOL D,56,1,1,76,Sign - Loan,10,Sign - ?,loan,
T_JOL D,56,1,1,77,Ounce - Both,20,Ounce - ?,bounce,
T_JOL D,56,1,1,78,Morning - Temperature,0,Morning - ?,temperature,
T_JOL D,56,1,1,79,Children - Mirror,0,Children - ?,mirror,
T_JOL D,56,1,1,80,Main - Scar,30,Main - ?,,
JOL A,57,1,1,1,Delinquent - Bad,40,Delinquent - ?,bad,
JOL A,57,1,1,2,Digestion - Stomach,79,Digestion - ?,stomach,
JOL A,57,1,1,3,Wage - Money,40,Wage - ?,money,
JOL A,57,1,1,4,Chisel - Hammer,23,Chisel - ?,hammer,
JOL A,57,1,1,5,Editor - News,32,Editor - ?,news,
JOL A,57,1,1,6,Hornet - Sting,97,Hornet - ?,sting,
JOL A,57,1,1,7,Bitter - Cold,45,Bitter - ?,sweet,
JOL A,57,1,1,8,Root - Plant,1,Root - ?,tree,
JOL A,57,1,1,9,Swan - Bird,1,Swan - ?,hornet,
JOL A,57,1,1,10,Paw - Dog,60,Paw - ?,dog,
JOL A,57,1,1,11,Way - Out,40,Way - ?,out,
JOL A,57,1,1,12,Hygiene - Clean,92,Hygiene - ?,clean,
JOL A,57,1,1,13,Bridge - Water,30,Bridge - ?,,
JOL A,57,1,1,14,Geology - Rock,23,Geology - ?,rock,
JOL A,57,1,1,15,Revolution - War,12,Revolution - ?,war,
JOL A,57,1,1,16,Discussion - Talk,45,Discussion - ?,talk,
JOL A,57,1,1,17,Herd - Cow,70,Herd - ?,cow,
JOL A,57,1,1,18,Credit - Card,99,Credit - ?,card,
JOL A,57,1,1,19,Orchid - Flower,50,Orchid - ?,flower,
JOL A,57,1,1,20,Tuna -  Fish,99,Tuna - ?,fish,
JOL A,57,1,1,21,Full - Enough,23,Full - ?,enough,
JOL A,57,1,1,22,Drink - Sip,78,Drink - ?,thrist,
JOL A,57,1,1,23,Dark - Cave,23,Dark - ?,cave,
JOL A,57,1,1,24,Take - Seize,1,Take - ?,steal,
JOL A,57,1,1,25,Height - Growth,70,Height - ?,growth,
JOL A,57,1,1,26,Sentence - Word,43,Sentence - ?,word,
JOL A,57,1,1,27,Bug - Wasp,31,Bug - ?,hornet,
JOL A,57,1,1,28,Math - Division,30,Math - ?,problem,
JOL A,57,1,1,29,Law - Attorney,51,Law - ?,attorney,
JOL A,57,1,1,30,Great - Fantastic,89,Great - ?,happy,
JOL A,57,1,1,31,Key - Latch,12,Key - ?,latch,
JOL A,57,1,1,32,Hot - Chili,90,Hot - ?,coffee,
JOL A,57,1,1,33,Ball - Racket,34,Ball - ?,basket,
JOL A,57,1,1,34,Work - Chore,40,Work - ?,bad,
JOL A,57,1,1,35,Hunger - Famine,67,Hunger - ?,food,
JOL A,57,1,1,36,Sleep - Drowsy,80,Sleep - ?,bed,
JOL A,57,1,1,37,Smell - Stench,21,Smell - ?,gross,
JOL A,57,1,1,38,Clothes - Attire,26,Clothes - ?,atricle,
JOL A,57,1,1,39,Plane - Pilot,90,Plane - ?,pilot,
JOL A,57,1,1,40,Fire - Blaze,30,Fire - ?,blaze,
JOL A,57,1,1,41,Due - Assignment,99,Due - ?,assignment,
JOL A,57,1,1,42,Number - Amount,2,Number - ?,math,
JOL A,57,1,1,43,Location - Site,40,Location - ?,site,
JOL A,57,1,1,44,Dump - Waste,10,Dump - ?,truck,
JOL A,57,1,1,45,Trial - Jury,80,Trial - ?,jury,
JOL A,57,1,1,46,Architecture - Design,96,Architecture - ?,design,
JOL A,57,1,1,47,Grill -Bar,90,Grill - ?,bar,
JOL A,57,1,1,48,Kidney - Liver,40,Kidney - ?,liver,
JOL A,57,1,1,49,Begin - End,96,Begin - ?,end,
JOL A,57,1,1,50,Blow - Wind,60,Blow - ?,wind,
JOL A,57,1,1,51,Pop - Soda,99,Pop - ?,soda,
JOL A,57,1,1,52,Wine - Cheese,100,Wine - ?,cheese,
JOL A,57,1,1,53,Bathroom - Toilet,37,Bathroom - ?,toilet,
JOL A,57,1,1,54,Choice - Decision,24,Choice - ?,given,
JOL A,57,1,1,55,Shoe - Foot,6,Shoe - ?,foot,
JOL A,57,1,1,56,Past - Future,95,Meaning - ?,difintion,
JOL A,57,1,1,57,Lettuce - Salad,46,Lettuce - ?,salad,
JOL A,57,1,1,58,Honey - Bee,99,Honey - ?,bee,
JOL A,57,1,1,59,Baby - Child,54,Baby - ?,child,
JOL A,57,1,1,60,Circle - Round,90,Circle - ?,round,
JOL A,57,1,1,61,Pusher - Clutter,12,Pusher - ?,pull,
JOL A,57,1,1,62,Dietary - Sacking,12,Dietary - ?,food,
JOL A,57,1,1,63,Park - Hungry,1,Park - ?,way,
JOL A,57,1,1,64,Lift - Woman,12,Lift - ?,women,
JOL A,57,1,1,65,Soon - Belt,9,Soon - ?,later,
JOL A,57,1,1,66,Discover - Floor,2,Discover - ?,find,
JOL A,57,1,1,67,Death - Business,1,Death - ?,valley,
JOL A,57,1,1,68,Debate - Sight,3,Debate - ?,disscusion,
JOL A,57,1,1,69,Artery - Bronze,1,Artery - ?,bronze,
JOL A,57,1,1,70,Fix - Hand,1,Fix - ?,it,
JOL A,57,1,1,71,Machine - Position,12,Machine - ?,work,
JOL A,57,1,1,72,Happy - Car,2,Happy - ?,excited,
JOL A,57,1,1,73,Allow - Tuck,1,Allow - ?,,
JOL A,57,1,1,74,Art - Lion,1,Art - ?,supplies,
JOL A,57,1,1,75,Strong - Accident,10,Strong - ?,stronhg,
JOL A,57,1,1,76,Sugar - Riddle,1,Sugar - ?,salt,
JOL A,57,1,1,77,Valley - Add,1,Valley - ?,mountain,
JOL A,57,1,1,78,Cash - Would,1,Cash - ?,money,
JOL A,57,1,1,79,Hide - Sick,23,Hide - ?,seek,
JOL A,57,1,1,80,King - Vase,1,King - ?,vase,
T_JOL B,58,1,1,1,Extension - Long,30,Extension - ?,longer,
T_JOL B,58,1,1,2,Clue - Game,50,Clue - ?,game,
T_JOL B,58,1,1,3,Cactus - Plant,100,Cactus - ?,plant,
T_JOL B,58,1,1,4,Shoelace - Tie,100,Shoelace - ?,tie,
T_JOL B,58,1,1,5,Detective - Mystery,100,Detective - ?,sherlock,
T_JOL B,58,1,1,6,Adjourn - End,100,Adjourn - ?,end,
T_JOL B,58,1,1,7,Furry - Dog,100,Furry - ?,dog,
T_JOL B,58,1,1,8,Litter - Trash,100,Litter - ?,trash,
T_JOL B,58,1,1,9,Cherry - Red,100,Cherry - ?,red,
T_JOL B,58,1,1,10,Scalp - Head,50,Scalp - ?,head,
T_JOL B,58,1,1,11,Driver - Car,100,Driver - ?,car,
T_JOL B,58,1,1,12,Chop - Cut,100,Chop - ?,cut,
T_JOL B,58,1,1,13,Mule - Donkey,100,Mule - ?,donkey,
T_JOL B,58,1,1,14,Document - Paper,100,Document - ?,paper,
T_JOL B,58,1,1,15,Incense - Smell,100,Incense - ?,smell,
T_JOL B,58,1,1,16,Dine - Eat,100,Dine - ?,dinner,
T_JOL B,58,1,1,17,Shears - Scissors,100,Shears - ?,scissors,
T_JOL B,58,1,1,18,Feud - Fight,100,Feud - ?,brawl,
T_JOL B,58,1,1,19,Chill - Cold,100,Chill - ?,cold,
T_JOL B,58,1,1,20,Affection - Love,100,Affection - ?,love,
T_JOL B,58,1,1,21,Turn - Flip,20,Turn - ?,direction,
T_JOL B,58,1,1,22,Car - Windshield,100,Car - ?,automobile,
T_JOL B,58,1,1,23,Bad - Villain,100,Bad - ?,villian,
T_JOL B,58,1,1,24,Bird - Penguin,100,Bird - ?,tree,
T_JOL B,58,1,1,25,Star - Actress,50,Star - ?,actress,
T_JOL B,58,1,1,26,Thread - Thimble,60,Thread - ?,thimble,
T_JOL B,58,1,1,27,Even - Revenge,20,Even - ?,odd,
T_JOL B,58,1,1,28,Pop - Balloon,100,Pop - ?,balloon,
T_JOL B,58,1,1,29,Fruit - Strawberry,100,Fruit - ?,strawberry,
T_JOL B,58,1,1,30,Best - Favorite,75,Best - ?,favorite,
T_JOL B,58,1,1,31,Cat - Panther,100,Cat - ?,panther,
T_JOL B,58,1,1,32,Glass - Breakable,100,Glass - ?,breakable,
T_JOL B,58,1,1,33,Dead - Coffin,100,Dead - ?,coffin,
T_JOL B,58,1,1,34,Plane - Aircraft,100,Plane - ?,aircraft,
T_JOL B,58,1,1,35,Fish - Sardine,100,Fish - ?,goldfish,
T_JOL B,58,1,1,36,Baseball - League,100,Baseball - ?,league,
T_JOL B,58,1,1,37,Money - Banker,100,Money - ?,banker,
T_JOL B,58,1,1,38,Honest - Truthful,100,Honest - ?,truthful,
T_JOL B,58,1,1,39,Sleep - Nap,100,Sleep - ?,nap,
T_JOL B,58,1,1,40,Fight - Brawl,100,Fight - ?,brawl,
T_JOL B,58,1,1,41,Razor - Shave,100,Razor - ?,sharp,
T_JOL B,58,1,1,42,Rights - Equal,50,Rights - ?,equal,
T_JOL B,58,1,1,43,Mason - Jar,75,Mason - ?,jar,
T_JOL B,58,1,1,44,Candle - Wax,90,Candle - ?,wax,
T_JOL B,58,1,1,45,Wrist - Bracelet,100,Wrist - ?,bracelet,
T_JOL B,58,1,1,46,Element - Carbon,100,Element - ?,carbon,
T_JOL B,58,1,1,47,Gone - Away,50,Gone - ?,away,
T_JOL B,58,1,1,48,Water - Drink,100,Water,h2o,
T_JOL B,58,1,1,49,Earth - Ground,100,Earth - ?,ground,
T_JOL B,58,1,1,50,Alone - Lonely,100,Alone - ?,lonely,
T_JOL B,58,1,1,51,Dry - Wet,100,Dry - ?,wet,
T_JOL B,58,1,1,52,Safety - Seatbelt,50,Safety - ?,pin,
T_JOL B,58,1,1,53,Truth - Lie,100,Truth - ?,lie,
T_JOL B,58,1,1,54,Phone - Communication,100,Phone - ?,call,
T_JOL B,58,1,1,55,Rod - Reel,100,Rod - ?,fishing,
T_JOL B,58,1,1,56,Flea - Tick,100,Flea - ?,tick,
T_JOL B,58,1,1,57,Loud - Noise,100,Loud - ?,quiet,
T_JOL B,58,1,1,58,Own - Have,0,Own - ?,mine,
T_JOL B,58,1,1,59,Tantrum - Temper,100,Tantrum - ?,fit,
T_JOL B,58,1,1,60,Sun - Tan,100,Sun - ?,hot,
T_JOL B,58,1,1,61,Justice - Maroon,50,Justice - ?,fair,
T_JOL B,58,1,1,62,Stretch - Cloth,100,Stretch - ?,able,
T_JOL B,58,1,1,63,Give - Steak,20,Give - ?,take,
T_JOL B,58,1,1,64,Maze - Election,10,Maze - ?,,
T_JOL B,58,1,1,65,Meat - Obtain,30,Meat - ?,steak,
T_JOL B,58,1,1,66,Crackle - Able,29,Crackle - ?,fire,
T_JOL B,58,1,1,67,Shell - Snake,20,Shell - ?,,
T_JOL B,58,1,1,68,Listen - Fiction,20,Listen - ?,speak,
T_JOL B,58,1,1,69,Keys - Joke,20,Keys - ?,lost,
T_JOL B,58,1,1,70,Cake - Clothes,,Cake - ?,chocolate,
T_JOL B,58,1,1,71,Name - Hate,50,Name - ?,john,
T_JOL B,58,1,1,72,Fuzzy - Bang,0,Fuzzy - ?,pillow,
T_JOL B,58,1,1,73,Moat - Clear,40,Moat - ?,clean,
T_JOL B,58,1,1,74,Lease - Toil,20,Lease - ?,sign,
T_JOL B,58,1,1,75,Loan - Sign,20,Loan - ?,money,
T_JOL B,58,1,1,76,Both - Ounce,40,Both - ?,all,
T_JOL B,58,1,1,77,Temperature - Morning,30,Temperature - ?,morning,
T_JOL B,58,1,1,78,Mirror - Children,50,Mirror - ?,children,
T_JOL B,58,1,1,79,Main - Scar,20,Main - ?,event,
T_JOL B,58,1,1,80,Charm - Vehicle,10,Charm - ?,entice,
T_JOL C,59,1,1,1,Enough - Full,50,Enough - ?,good,
T_JOL C,59,1,1,2,Sip - Drink,75,Sip - ?,drink,
T_JOL C,59,1,1,3,Cave - Dark,75,Cave - ?,dark,
T_JOL C,59,1,1,4,Seize - Take,75,Seize - ?,stop,
T_JOL C,59,1,1,5,Growth - Height,85,Growth - ?,tall,
T_JOL C,59,1,1,6,Word - Sentence,100,Word - ?,sentence,
T_JOL C,59,1,1,7,Wasp - Bug,85,Wasp - ?,bee,
T_JOL C,59,1,1,8,Division - Math,85,Division - ?,math,
T_JOL C,59,1,1,9,Attorney - Law,75,Attorney - ?,law,
T_JOL C,59,1,1,10,Fantastic - Great,85,Fantastic - ?,great,
T_JOL C,59,1,1,11,Latch - Key,75,Latch - ?,key,
T_JOL C,59,1,1,12,Chili - Hot,75,Chili - ?,hot,
T_JOL C,59,1,1,13,Racket - Ball,75,Racket - ?,tennis,
T_JOL C,59,1,1,14,Chore - Work,100,Chore - ?,work,
T_JOL C,59,1,1,15,Famine - Hunger,75,Famine - ?,hunger,
T_JOL C,59,1,1,16,Drowsy - Sleep,85,Drowsy - ?,sleep,
T_JOL C,59,1,1,17,Stench - Smell,80,Stench - ?,smell,
T_JOL C,59,1,1,18,Attire - Clothes,75,Attire - ?,wardrobe,
T_JOL C,59,1,1,19,Pilot - Plane,75,Pilot - ?,plane,
T_JOL C,59,1,1,20,Blaze - Fire,75,Blaze - ?,fire,
T_JOL C,59,1,1,21,Bad - Delinquent,25,Bad - ?,good,
T_JOL C,59,1,1,22,Stomach - Digestion,50,Stomach - ?,hungry,
T_JOL C,59,1,1,23,Money - Wage,80,Money - ?,green,
T_JOL C,59,1,1,24,News - Editor,75,News - ?,paper,
T_JOL C,59,1,1,25,Sting - Hornet,85,Sting - ?,bee,
T_JOL C,59,1,1,26,Cold - Bitter,50,Cold - ?,snow,
T_JOL C,59,1,1,27,Plant - Root,80,Plant - ?,seed,
T_JOL C,59,1,1,28,Bird - Swan,90,Bird - ?,fly,
T_JOL C,59,1,1,29,Dog - Paw,75,Dog - ?,bark,
T_JOL C,59,1,1,30,Out - Way,50,Out - ?,in,
T_JOL C,59,1,1,31,Clean - Hygiene,90,Clean - ?,dirty,
T_JOL C,59,1,1,32,Water - Bridge,85,Water- ?,wet,
T_JOL C,59,1,1,33,Rock - Geology,75,Rock - ?,hard,
T_JOL C,59,1,1,34,War - Revolution,90,War - ?,attack,
T_JOL C,59,1,1,35,Talk - Discussion,90,Talk - ?,conversation,
T_JOL C,59,1,1,36,Cow - Herd,80,Cow - ?,herd,
T_JOL C,59,1,1,37,Card - Credit,75,Card - ?,,
T_JOL C,59,1,1,38,Flower - Orchid,75,Flower - ?,ochid,
T_JOL C,59,1,1,39,Fish - Tuna,90,Fish - ?,trout,
T_JOL C,59,1,1,40,Hammer - Chisel,5,Hammer - ?,hit,
T_JOL C,59,1,1,41,Assignment - Due,0,Assignment - ?,due,
T_JOL C,59,1,1,42,Amount - Number,100,Amount - ?,money,
T_JOL C,59,1,1,43,Site - Location,80,Site - ?,see,
T_JOL C,59,1,1,44,Waste - Dump,80,Waste - ?,trash,
T_JOL C,59,1,1,45,Jury - Trial,80,Jury - ?,court,
T_JOL C,59,1,1,46,Design - Architecture,85,Design - ?,draw,
T_JOL C,59,1,1,47,Bar - Grill,75,Bar - ?,,
T_JOL C,59,1,1,48,Liver - Kidney,85,Liver - ?,kidney,
T_JOL C,59,1,1,49,End - Begin,90,End - ?,begin,
T_JOL C,59,1,1,50,Wind - Blow,85,Wind - ?,blow,
T_JOL C,59,1,1,51,Soda - Pop,90,Soda - ?,pop,
T_JOL C,59,1,1,52,Cheese - Wine,75,Cheese - ?,wine,
T_JOL C,59,1,1,53,Toilet - Bathroom,80,Toilet - ?,paper,
T_JOL C,59,1,1,54,Decision - Choice,100,Decision - ?,choice,
T_JOL C,59,1,1,55,Foot - Shoe,90,Foot - ?,shoe,
T_JOL C,59,1,1,56,Future - Past,90,Future - ?,past,
T_JOL C,59,1,1,57,Salad - Lettuce,80,Salad - ?,green,
T_JOL C,59,1,1,58,Bee - Honey,85,Bee - ?,hive,
T_JOL C,59,1,1,59,Child - Baby,90,Child - ?,baby,
T_JOL C,59,1,1,60,Round - Circle,85,Round - ?,ball,
T_JOL C,59,1,1,61,Clutter - Pusher,25,Clutter - ?,,
T_JOL C,59,1,1,62,Sacking - Dietary,25,Sacking - ?,,
T_JOL C,59,1,1,63,Hungry - Park,25,Hungry - ?,thirsty,
T_JOL C,59,1,1,64,Woman - Lift,25,Woman - ?,lift,
T_JOL C,59,1,1,65,Belt - Soon,20,Belt - ?,around,
T_JOL C,59,1,1,66,Floor - Discover,25,Floor - ?,ground,
T_JOL C,59,1,1,67,Business - Death,5,Business - ?,,
T_JOL C,59,1,1,68,Sight - Debate,50,Sight - ?,see,
T_JOL C,59,1,1,69,Bronze - Artery,20,Bronze - ?,blaze,
T_JOL C,59,1,1,70,Hand - Fix,85,Hand - ?,grab,
T_JOL C,59,1,1,71,Position - Machine,20,Position - ?,plac,
T_JOL C,59,1,1,72,Car - Happy,80,Car - ?,happy,
T_JOL C,59,1,1,73,Tuck - Allow,25,Tuck - ?,ball,
T_JOL C,59,1,1,74,Lion - Art,5,Lion - ?,cat,
T_JOL C,59,1,1,75,Accident - Strong,25,Accident - ?,pain,
T_JOL C,59,1,1,76,Riddle - Sugar,25,Riddle - ?,rhyme,
T_JOL C,59,1,1,77,Add - Valley,10,Add - ?,subtract,
T_JOL C,59,1,1,78,Would - Cash,25,Would - ?,,
T_JOL C,59,1,1,79,Sick - Hide,25,Sick - ?,cough,
T_JOL C,59,1,1,80,Vase - King,25,Vase - ?,flower,
T_JOL D,60,1,1,1,Flip - Turn,100,Flip - ?,turn,
T_JOL D,60,1,1,2,Windshield - Car,100,Windsield - ?,car,
T_JOL D,60,1,1,3,Villain - Bad,100,Villian - ?,bad,
T_JOL D,60,1,1,4,Penguin - Bird,0,Penguin - ?,,
T_JOL D,60,1,1,5,Actress - Star,50,Actress - ?,star,
T_JOL D,60,1,1,6,Thimble - Thread,20,Thimble - ?,,
T_JOL D,60,1,1,7,Revenge - Even,10,Revenge - ?,even,
T_JOL D,60,1,1,8,Balloon - Pop,75,Balloon - ?,pop,
T_JOL D,60,1,1,9,Strawberry - Fruit,50,Strawberry - ?,fruit,
T_JOL D,60,1,1,10,Favorite - Best,75,Favorite - ?,best,
T_JOL D,60,1,1,11,Panther - Cat,50,Panther - ?,cat,
T_JOL D,60,1,1,12,Breakable - Glass,50,Breakable - ?,glass,
T_JOL D,60,1,1,13,Coffin - Dead,100,Coffin - ?,dead,
T_JOL D,60,1,1,14,Aircraft - Plane,7,Aircraft - ?,plane,
T_JOL D,60,1,1,15,Sardine - Fish,30,Sardine - ?,fish,
T_JOL D,60,1,1,16,League - Baseball,100,League - ?,baseball,
T_JOL D,60,1,1,17,Banker - Money,0,Banker - ?,,
T_JOL D,60,1,1,18,Truthful - Honest,100,Truthful - ?,honest,
T_JOL D,60,1,1,19,Nap - Sleep,100,Nap - ?,time,
T_JOL D,60,1,1,20,Brawl - Fight,100,Brawl - ?,fight,
T_JOL D,60,1,1,21,Long - Extension,50,Long - ?,,
T_JOL D,60,1,1,22,Game - Clue,50,Game - ?,console,
T_JOL D,60,1,1,23,Tie - Shoelace,50,Tie - ?,shoe,
T_JOL D,60,1,1,24,Mystery - Detective,50,Mystery - ?,solve,
T_JOL D,60,1,1,25,End - Adjourn,0,End - ?,,
T_JOL D,60,1,1,26,Dog - Furry,50,Dog - ?,food,
T_JOL D,60,1,1,27,Trash - Litter,5,Trash - ?,can,
T_JOL D,60,1,1,28,Red - Cherry,50,Red - ?,cherry,
T_JOL D,60,1,1,29,Head - Scalp,50,Head - ?,scalp,
T_JOL D,60,1,1,30,Car - Driver,100,Car - ?,windshield,
T_JOL D,60,1,1,31,Cut - Chop,50,Cut - ?,knife,
T_JOL D,60,1,1,32,Donkey - Mule,60,Donkey - ?,mule,
T_JOL D,60,1,1,33,Paper - Document,40,Paper - ?,cut,
T_JOL D,60,1,1,34,Smell - Incense,25,Smell - ?,sense,
T_JOL D,60,1,1,35,Eat - Dine,100,Eat - ?,,
T_JOL D,60,1,1,36,Scissors - Shears,25,Scissors - ?,cut,
T_JOL D,60,1,1,37,Fight - Feud,95,Fight - ?,brawl,
T_JOL D,60,1,1,38,Plant - Cactus,50,Plant - ?,tree,
T_JOL D,60,1,1,39,Cold - Chill,50,Cold - ?,chilly,
T_JOL D,60,1,1,40,Love - Affection,100,Love - ?,affection,
T_JOL D,60,1,1,41,Shave - Razor,75,Shave - ?,razor,
T_JOL D,60,1,1,42,Equal - Rights,100,Equal - ?,rights,
T_JOL D,60,1,1,43,Jar - Mason,50,Jar - ?,mason,
T_JOL D,60,1,1,44,Wax - Candle,50,Wax - ?,candle,
T_JOL D,60,1,1,45,Bracelet - Wrist,50,Bracelet - ?,wrist,
T_JOL D,60,1,1,46,Carbon - Element,50,Carbon - ?,element,
T_JOL D,60,1,1,47,Away - Gone,100,Away - ?,gone,
T_JOL D,60,1,1,48,Drink - Water,100,Drink - ?,water,
T_JOL D,60,1,1,49,Ground - Earth,100,Ground - ?,,
T_JOL D,60,1,1,50,Lonely - Alone,100,Lonely - ?,alone,
T_JOL D,60,1,1,51,Seatbelt - Safety,50,Seatbelt - ?,safety,
T_JOL D,60,1,1,52,Lie - Truth,100,Lie - ?,,
T_JOL D,60,1,1,53,Communication - Phone,100,Communication - ?,talk,
T_JOL D,60,1,1,54,Reel - Rod,0,Reel - ?,,
T_JOL D,60,1,1,55,Tick - Flea,50,Tick - ?,tock,
T_JOL D,60,1,1,56,Noise - Loud,100,Noise - ?,loud,
T_JOL D,60,1,1,57,Have - Own,0,Have - ?,,
T_JOL D,60,1,1,58,Temper - Tantrum,100,Temper - ?,tantrum,
T_JOL D,60,1,1,59,Tan - Sun,100,Tan - ?,sun,
T_JOL D,60,1,1,60,Maroon - Justice,0,Maroon - ?,,
T_JOL D,60,1,1,61,Cloth - Stretch,20,Cloth - ?,stretch,
T_JOL D,60,1,1,62,Election - Maze,5,Election - ?,,
T_JOL D,60,1,1,63,Charm - Vehicle,20,Charm - ?,bracelet,
T_JOL D,60,1,1,64,Obtain - Meat,10,Obtain - ?,,
T_JOL D,60,1,1,65,Able - Crackle,0,Able - ?,,
T_JOL D,60,1,1,66,Shake - Shell,10,Shake - ?,milk,
T_JOL D,60,1,1,67,Fiction - Listen,0,Fiction - ?,fact,
T_JOL D,60,1,1,68,Joke - Keys,0,Joke - ?,,
T_JOL D,60,1,1,69,Hate - Name,0,Hate - ?,,
T_JOL D,60,1,1,70,Bang - Fuzzy,,Clear - ?,,
T_JOL D,60,1,1,71,Clear - Moat,0,Wet - ?,dry,
T_JOL D,60,1,1,72,Wet - Dry,50,Bang - ?,,
T_JOL D,60,1,1,73,Steak - Give,20,Steak - ?,,
T_JOL D,60,1,1,74,Clothes - Cake,0,Clothes - ?,,
T_JOL D,60,1,1,75,Toil - Lease,5,Toil - ?,,
T_JOL D,60,1,1,76,Sign - Loan,5,Sign - ?,language,
T_JOL D,60,1,1,77,Ounce - Both,5,Ounce - ?,liter,
T_JOL D,60,1,1,78,Morning - Temperature,25,Morning - ?,breakfast,
T_JOL D,60,1,1,79,Children - Mirror,10,Children - ?,play,
T_JOL D,60,1,1,80,Main - Scar,0,Main - ?,,
JOL A,61,1,1,1,Delinquent - Bad,100,Delinquent - ?,minor,
JOL A,61,1,1,2,Digestion - Stomach,100,Digestion - ?,stomach,
JOL A,61,1,1,3,Wage - Money,50,Wage - ?,money,
JOL A,61,1,1,4,Chisel - Hammer,1,Chisel - ?,hammer,
JOL A,61,1,1,5,Editor - News,100,Editor - ?,news,
JOL A,61,1,1,6,Hornet - Sting,100,Hornet - ?,sting,
JOL A,61,1,1,7,Bitter - Cold,50,Bitter - ?,cold,
JOL A,61,1,1,8,Root - Plant,10,Root - ?,flower,
JOL A,61,1,1,9,Swan - Bird,100,Swan - ?,bird,
JOL A,61,1,1,10,Paw - Dog,100,Paw - ?,dog,
JOL A,61,1,1,11,Way - Out,100,Way - ?,,
JOL A,61,1,1,12,Hygiene - Clean,100,Hygiene - ?,clean,
JOL A,61,1,1,13,Bridge - Water,50,Bridge - ?,water,
JOL A,61,1,1,14,Geology - Rock,100,Geology - ?,rock,
JOL A,61,1,1,15,Revolution - War,100,Revolution - ?,war,
JOL A,61,1,1,16,Discussion - Talk,100,Discussion - ?,talk,
JOL A,61,1,1,17,Herd - Cow,100,Herd - ?,cow,
JOL A,61,1,1,18,Credit - Card,100,Credit - ?,card,
JOL A,61,1,1,19,Orchid - Flower,100,Orchid - ?,flower,
JOL A,61,1,1,20,Tuna -  Fish,200,Tuna - ?,fish,
JOL A,61,1,1,21,Full - Enough,35,Full - ?,,
JOL A,61,1,1,22,Drink - Sip,38,Drink - ?,,
JOL A,61,1,1,23,Dark - Cave,100,Dark - ?,cave,
JOL A,61,1,1,24,Take - Seize,20,Take - ?,grab,
JOL A,61,1,1,25,Height - Growth,100,Height - ?,growth,
JOL A,61,1,1,26,Sentence - Word,18,Sentence - ?,word,
JOL A,61,1,1,27,Bug - Wasp,15,Bug - ?,,
JOL A,61,1,1,28,Math - Division,100,Math - ?,,
JOL A,61,1,1,29,Law - Attorney,100,Law - ?,attorney,
JOL A,61,1,1,30,Great - Fantastic,,Great - ?,awesome,
JOL A,61,1,1,31,Key - Latch,100,Key - ?,latch,
JOL A,61,1,1,32,Hot - Chili,65,Hot - ?,cold,
JOL A,61,1,1,33,Ball - Racket,25,Ball - ?,catcher,
JOL A,61,1,1,34,Work - Chore,100,Work - ?,chore,
JOL A,61,1,1,35,Hunger - Famine,59,Hunger - ?,,
JOL A,61,1,1,36,Sleep - Drowsy,100,Sleep - ?,awake,
JOL A,61,1,1,37,Smell - Stench,50,Smell - ?,stench,
JOL A,61,1,1,38,Clothes - Attire,100,Clothes - ?,shoes,
JOL A,61,1,1,39,Plane - Pilot,80,Plane - ?,pilot,
JOL A,61,1,1,40,Fire - Blaze,100,Fire - ?,blaze,
JOL A,61,1,1,41,Due - Assignment,100,Due - ?,assignment,
JOL A,61,1,1,42,Number - Amount,100,Number - ?,,
JOL A,61,1,1,43,Location - Site,100,Location - ?,,
JOL A,61,1,1,44,Dump - Waste,100,Dump - ?,,
JOL A,61,1,1,45,Trial - Jury,60,Trial - ?,,
JOL A,61,1,1,46,Architecture - Design,100,Architecture - ?,building,
JOL A,61,1,1,47,Grill -Bar,100,Grill - ?,bar,
JOL A,61,1,1,48,Kidney - Liver,19,Kidney - ?,liver,
JOL A,61,1,1,49,Begin - End,100,Begin - ?,end,
JOL A,61,1,1,50,Blow - Wind,100,Blow - ?,,
JOL A,61,1,1,51,Pop - Soda,100,Pop - ?,soda,
JOL A,61,1,1,52,Wine - Cheese,50,Wine - ?,cheese,
JOL A,61,1,1,53,Bathroom - Toilet,100,Bathroom - ?,toilet,
JOL A,61,1,1,54,Choice - Decision,100,Choice - ?,decision,
JOL A,61,1,1,55,Shoe - Foot,60,Shoe - ?,clothes,
JOL A,61,1,1,56,Past - Future,200,Meaning - ?,,
JOL A,61,1,1,57,Lettuce - Salad,100,Lettuce - ?,salad,
JOL A,61,1,1,58,Honey - Bee,100,Honey - ?,bee,
JOL A,61,1,1,59,Baby - Child,100,Baby - ?,chil,
JOL A,61,1,1,60,Circle - Round,100,Circle - ?,round,
JOL A,61,1,1,61,Pusher - Clutter,15,Pusher - ?,clutter,
JOL A,61,1,1,62,Dietary - Sacking,15,Dietary - ?,,
JOL A,61,1,1,63,Park - Hungry,25,Park - ?,car,
JOL A,61,1,1,64,Lift - Woman,19,Lift - ?,,
JOL A,61,1,1,65,Soon - Belt,45,Soon - ?,now,
JOL A,61,1,1,66,Discover - Floor,25,Discover - ?,find,
JOL A,61,1,1,67,Death - Business,40,Death - ?,business,
JOL A,61,1,1,68,Debate - Sight,39,Debate - ?,,
JOL A,61,1,1,69,Artery - Bronze,15,Artery - ?,,
JOL A,61,1,1,70,Fix - Hand,60,Fix - ?,,
JOL A,61,1,1,71,Machine - Position,50,Machine - ?,,
JOL A,61,1,1,72,Happy - Car,25,Happy - ?,car,
JOL A,61,1,1,73,Allow - Tuck,15,Allow - ?,,
JOL A,61,1,1,74,Art - Lion,49,Art - ?,,
JOL A,61,1,1,75,Strong - Accident,10,Strong - ?,,
JOL A,61,1,1,76,Sugar - Riddle,49,Sugar - ?,,
JOL A,61,1,1,77,Valley - Add,26,Valley - ?,park,
JOL A,61,1,1,78,Cash - Would,45,Cash - ?,money,
JOL A,61,1,1,79,Hide - Sick,19,Hide - ?,seek,
JOL A,61,1,1,80,King - Vase,1,King - ?,,
T_JOL B,62,1,1,1,Extension - Long,34,Extension - ?,long,
T_JOL B,62,1,1,2,Clue - Game,67,Clue - ?,Game,
T_JOL B,62,1,1,3,Cactus - Plant,90,Cactus - ?,plant,
T_JOL B,62,1,1,4,Shoelace - Tie,69,Shoelace - ?,tie,
T_JOL B,62,1,1,5,Detective - Mystery,99,Detective - ?,Mystery,
T_JOL B,62,1,1,6,Adjourn - End,67,Adjourn - ?,End,
T_JOL B,62,1,1,7,Furry - Dog,78,Furry - ?,Dog,
T_JOL B,62,1,1,8,Litter - Trash,89,Litter - ?,bad,
T_JOL B,62,1,1,9,Cherry - Red,78,Cherry - ?,red,
T_JOL B,62,1,1,10,Scalp - Head,89,Scalp - ?,Head,
T_JOL B,62,1,1,11,Driver - Car,67,Driver - ?,Car,
T_JOL B,62,1,1,12,Chop - Cut,47,Chop - ?,Cut,
T_JOL B,62,1,1,13,Mule - Donkey,78,Mule - ?,Donkey,
T_JOL B,62,1,1,14,Document - Paper,99,Document - ?,write,
T_JOL B,62,1,1,15,Incense - Smell,100,Incense - ?,Smell,
T_JOL B,62,1,1,16,Dine - Eat,90,Dine - ?,Eat,
T_JOL B,62,1,1,17,Shears - Scissors,67,Shears - ?,scissors,
T_JOL B,62,1,1,18,Feud - Fight,56,Feud - ?,Fight,
T_JOL B,62,1,1,19,Chill - Cold,80,Chill - ?,Cold,
T_JOL B,62,1,1,20,Affection - Love,78,Affection - ?,Love,
T_JOL B,62,1,1,21,Turn - Flip,67,Turn - ?,around,
T_JOL B,62,1,1,22,Car - Windshield,89,Car - ?,Drive,
T_JOL B,62,1,1,23,Bad - Villain,78,Bad - ?,thief,
T_JOL B,62,1,1,24,Bird - Penguin,56,Bird - ?,Duck,
T_JOL B,62,1,1,25,Star - Actress,90,Star - ?,actor,
T_JOL B,62,1,1,26,Thread - Thimble,11,Thread - ?,thimble,
T_JOL B,62,1,1,27,Even - Revenge,,Even - ?,Odd,
T_JOL B,62,1,1,28,Pop - Balloon,90,Pop - ?,Balloon,
T_JOL B,62,1,1,29,Fruit - Strawberry,45,Fruit - ?,fly,
T_JOL B,62,1,1,30,Best - Favorite,99,Best - ?,favorite,
T_JOL B,62,1,1,31,Cat - Panther,65,Cat - ?,Dog,
T_JOL B,62,1,1,32,Glass - Breakable,34,Glass - ?,breakable,
T_JOL B,62,1,1,33,Dead - Coffin,100,Dead - ?,Coffin,
T_JOL B,62,1,1,34,Plane - Aircraft,100,Plane - ?,Aircraft,
T_JOL B,62,1,1,35,Fish - Sardine,34,Fish - ?,Sardine,
T_JOL B,62,1,1,36,Baseball - League,44,Baseball - ?,Glove,
T_JOL B,62,1,1,37,Money - Banker,10,Money - ?,pay,
T_JOL B,62,1,1,38,Honest - Truthful,76,Honest - ?,Truth,
T_JOL B,62,1,1,39,Sleep - Nap,90,Sleep - ?,Dream,
T_JOL B,62,1,1,40,Fight - Brawl,45,Fight - ?,feud,
T_JOL B,62,1,1,41,Razor - Shave,89,Razor - ?,shave,
T_JOL B,62,1,1,42,Rights - Equal,99,Rights - ?,equal,
T_JOL B,62,1,1,43,Mason - Jar,1,Mason - ?,jar,
T_JOL B,62,1,1,44,Candle - Wax,98,Candle - ?,Wax,
T_JOL B,62,1,1,45,Wrist - Bracelet,13,Wrist - ?,Bracelet,
T_JOL B,62,1,1,46,Element - Carbon,55,Element - ?,Carbon,
T_JOL B,62,1,1,47,Gone - Away,45,Gone - ?,away,
T_JOL B,62,1,1,48,Water - Drink,99,Water,wet,
T_JOL B,62,1,1,49,Earth - Ground,66,Earth - ?,ground,
T_JOL B,62,1,1,50,Alone - Lonely,99,Alone - ?,Lonely,
T_JOL B,62,1,1,51,Dry - Wet,56,Dry - ?,Wet,
T_JOL B,62,1,1,52,Safety - Seatbelt,54,Safety - ?,Seatbelt,
T_JOL B,62,1,1,53,Truth - Lie,89,Truth - ?,Honesty,
T_JOL B,62,1,1,54,Phone - Communication,45,Phone - ?,Communication,
T_JOL B,62,1,1,55,Rod - Reel,34,Rod - ?,reel,
T_JOL B,62,1,1,56,Flea - Tick,12,Flea - ?,Tick,
T_JOL B,62,1,1,57,Loud - Noise,89,Loud - ?,Noise,
T_JOL B,62,1,1,58,Own - Have,12,Own - ?,Have,
T_JOL B,62,1,1,59,Tantrum - Temper,23,Tantrum - ?,Tired,
T_JOL B,62,1,1,60,Sun - Tan,90,Sun - ?,Tan,
T_JOL B,62,1,1,61,Justice - Maroon,23,Justice - ?,hero,
T_JOL B,62,1,1,62,Stretch - Cloth,32,Stretch - ?,long,
T_JOL B,62,1,1,63,Give - Steak,10,Give - ?,take,
T_JOL B,62,1,1,64,Maze - Election,10,Maze - ?,election,
T_JOL B,62,1,1,65,Meat - Obtain,10,Meat - ?,obtain,
T_JOL B,62,1,1,66,Crackle - Able,23,Crackle - ?,Fire,
T_JOL B,62,1,1,67,Shell - Snake,,Shell - ?,snake,
T_JOL B,62,1,1,68,Listen - Fiction,20,Listen - ?,Hear,
T_JOL B,62,1,1,69,Keys - Joke,10,Keys - ?,lost,
T_JOL B,62,1,1,70,Cake - Clothes,10,Cake - ?,Eat,
T_JOL B,62,1,1,71,Name - Hate,10,Name - ?,hate,
T_JOL B,62,1,1,72,Fuzzy - Bang,0,Fuzzy - ?,Rabbit,
T_JOL B,62,1,1,73,Moat - Clear,12,Moat - ?,Castle,
T_JOL B,62,1,1,74,Lease - Toil,9,Lease - ?,Sign,
T_JOL B,62,1,1,75,Loan - Sign,11,Loan - ?,bank,
T_JOL B,62,1,1,76,Both - Ounce,12,Both - ?,,
T_JOL B,62,1,1,77,Temperature - Morning,10,Temperature - ?,Morning,
T_JOL B,62,1,1,78,Mirror - Children,11,Mirror - ?,children,
T_JOL B,62,1,1,79,Main - Scar,0,Main - ?,,
T_JOL B,62,1,1,80,Charm - Vehicle,10,Charm - ?,Bracelet,
T_JOL D,56,1,2,1,Enough - Full,90,Enough - ?,full,
T_JOL D,56,1,2,2,Sip - Drink,90,Sip - ?,drink,
T_JOL D,56,1,2,3,Cave - Dark,90,Cave - ?,dark,
T_JOL D,56,1,2,4,Seize - Take,90,Seize - ?,obtain,
T_JOL D,56,1,2,5,Growth - Height,90,Growth - ?,height,
T_JOL D,56,1,2,6,Word - Sentence,90,Word - ?,,
T_JOL D,56,1,2,7,Wasp - Bug,90,Wasp - ?,bug,
T_JOL D,56,1,2,8,Division - Math,100,Division - ?,mathj,
T_JOL D,56,1,2,9,Attorney - Law,95,Attorney - ?,law,
T_JOL D,56,1,2,10,Fantastic - Great,90,Fantastic - ?,great,
T_JOL D,56,1,2,11,Latch - Key,10,Latch - ?,keys,
T_JOL D,56,1,2,12,Chili - Hot,90,Chili - ?,hot,
T_JOL D,56,1,2,13,Racket - Ball,100,Racket - ?,ball,
T_JOL D,56,1,2,14,Chore - Work,90,Chore - ?,work,
T_JOL D,56,1,2,15,Famine - Hunger,90,Famine - ?,hunger,
T_JOL D,56,1,2,16,Drowsy - Sleep,90,Drowsy - ?,sleep,
T_JOL D,56,1,2,17,Stench - Smell,100,Stench - ?,smell,
T_JOL D,56,1,2,18,Attire - Clothes,90,Attire - ?,clothes,
T_JOL D,56,1,2,19,Pilot - Plane,95,Pilot - ?,plane,
T_JOL D,56,1,2,20,Blaze - Fire,90,Blaze - ?,fire,
T_JOL D,56,1,2,21,Bad - Delinquent,90,Bad - ?,deliquent,
T_JOL D,56,1,2,22,Stomach - Digestion,100,Stomach - ?,,
T_JOL D,56,1,2,23,Money - Wage,90,Money - ?,amount,
T_JOL D,56,1,2,24,News - Editor,100,News - ?,editor,
T_JOL D,56,1,2,25,Sting - Hornet,100,Sting - ?,,
T_JOL D,56,1,2,26,Cold - Bitter,10,Cold - ?,,
T_JOL D,56,1,2,27,Plant - Root,90,Plant - ?,root,
T_JOL D,56,1,2,28,Bird - Swan,100,Bird - ?,,
T_JOL D,56,1,2,29,Dog - Paw,100,Dog - ?,paw,
T_JOL D,56,1,2,30,Out - Way,80,Out - ?,way,
T_JOL D,56,1,2,31,Clean - Hygiene,90,Clean - ?,,
T_JOL D,56,1,2,32,Water - Bridge,90,Water- ?,drink,
T_JOL D,56,1,2,33,Rock - Geology,100,Rock - ?,geologphy,
T_JOL D,56,1,2,34,War - Revolution,90,War - ?,revolution,
T_JOL D,56,1,2,35,Talk - Discussion,90,Talk - ?,discussion,
T_JOL D,56,1,2,36,Cow - Herd,90,Cow - ?,,
T_JOL D,56,1,2,37,Card - Credit,100,Card - ?,credit,
T_JOL D,56,1,2,38,Flower - Orchid,90,Flower - ?,orchid,
T_JOL D,56,1,2,39,Fish - Tuna,100,Fish - ?,tuna,
T_JOL D,56,1,2,40,Hammer - Chisel,94,Hammer - ?,chisel,
T_JOL D,56,1,2,41,Assignment - Due,100,Assignment - ?,due,
T_JOL D,56,1,2,42,Amount - Number,90,Amount - ?,money,
T_JOL D,56,1,2,43,Site - Location,80,Site - ?,,
T_JOL D,56,1,2,44,Waste - Dump,80,Waste - ?,dump,
T_JOL D,56,1,2,45,Jury - Trial,100,Jury - ?,trial,
T_JOL D,56,1,2,46,Design - Architecture,80,Design - ?,architecture,
T_JOL D,56,1,2,47,Bar - Grill,100,Bar - ?,grill,
T_JOL D,56,1,2,48,Liver - Kidney,100,Liver - ?,kidney,
T_JOL D,56,1,2,49,End - Begin,100,End - ?,bein,
T_JOL D,56,1,2,50,Wind - Blow,90,Wind - ?,low,
T_JOL D,56,1,2,51,Soda - Pop,100,Soda - ?,pop,
T_JOL D,56,1,2,52,Cheese - Wine,100,Cheese - ?,wine,
T_JOL D,56,1,2,53,Toilet - Bathroom,95,Toilet - ?,bathroom,
T_JOL D,56,1,2,54,Decision - Choice,90,Decision - ?,choice,
T_JOL D,56,1,2,55,Foot - Shoe,100,Foot - ?,shoe,
T_JOL D,56,1,2,56,Future - Past,95,Future - ?,past,
T_JOL D,56,1,2,57,Salad - Lettuce,100,Salad - ?,lettuce,
T_JOL D,56,1,2,58,Bee - Honey,90,Bee - ?,honey,
T_JOL D,56,1,2,59,Child - Baby,100,Child - ?,baby,
T_JOL D,56,1,2,60,Round - Circle,95,Round - ?,cirle,
T_JOL D,56,1,2,61,Clutter - Pusher,10,Clutter - ?,,
T_JOL D,56,1,2,62,Sacking - Dietary,0,Sacking - ?,,
T_JOL D,56,1,2,63,Hungry - Park,20,Hungry - ?,famine,
T_JOL D,56,1,2,64,Woman - Lift,0,Woman - ?,lift,
T_JOL D,56,1,2,65,Belt - Soon,0,Belt - ?,,
T_JOL D,56,1,2,66,Floor - Discover,0,Floor - ?,,
T_JOL D,56,1,2,67,Business - Death,0,Business - ?,,
T_JOL D,56,1,2,68,Sight - Debate,10,Sight - ?,,
T_JOL D,56,1,2,69,Bronze - Artery,2,Bronze - ?,,
T_JOL D,56,1,2,70,Hand - Fix,40,Hand - ?,,
T_JOL D,56,1,2,71,Position - Machine,50,Position - ?,,
T_JOL D,56,1,2,72,Car - Happy,0,Car - ?,,
T_JOL D,56,1,2,73,Tuck - Allow,10,Tuck - ?,,
T_JOL D,56,1,2,74,Lion - Art,20,Lion - ?,art,
T_JOL D,56,1,2,75,Accident - Strong,0,Accident - ?,,
T_JOL D,56,1,2,76,Riddle - Sugar,0,Riddle - ?,,
T_JOL D,56,1,2,77,Add - Valley,0,Add - ?,,
T_JOL D,56,1,2,78,Would - Cash,20,Would - ?,,
T_JOL D,56,1,2,79,Sick - Hide,20,Sick - ?,,
T_JOL D,56,1,2,80,Vase - King,0,Vase - ?,king,
JOL A,57,1,2,1,Extension - Long,34,Extension - ?,cord,
JOL A,57,1,2,2,Clue - Game,80,Clue - ?,game,
JOL A,57,1,2,3,Cactus - Plant,56,Cactus - ?,plant,
JOL A,57,1,2,4,Shoelace - Tie,90,Shoelace - ?,shoe,
JOL A,57,1,2,5,Detective - Mystery,56,Detective - ?,sheriff,
JOL A,57,1,2,6,Adjourn - End,1,Adjourn - ?,r,
JOL A,57,1,2,7,Furry - Dog,89,Furry - ?,dog,
JOL A,57,1,2,8,Litter - Trash,34,Litter - ?,cat,
JOL A,57,1,2,9,Cherry - Red,90,Cherry - ?,red,
JOL A,57,1,2,10,Scalp - Head,90,Scalp - ?,head,
JOL A,57,1,2,11,Driver - Car,35,Driver - ?,car,
JOL A,57,1,2,12,Chop - Cut,47,Chop - ?,cut,
JOL A,57,1,2,13,Mule - Donkey,70,Mule - ?,donkey,
JOL A,57,1,2,14,Document - Paper,24,Document - ?,taxs,
JOL A,57,1,2,15,Incense - Smell,1,Incense - ?,car,
JOL A,57,1,2,16,Dine - Eat,1,Dine - ?,food,
JOL A,57,1,2,17,Shears - Scissors,70,Shears - ?,scissors,
JOL A,57,1,2,18,Feud - Fight,1,Feud - ?,fight,
JOL A,57,1,2,19,Chill - Cold,,Chill - ?,cold,
JOL A,57,1,2,20,Affection - Love,80,Affection - ?,love,
JOL A,57,1,2,21,Turn - Flip,60,Turn - ?,around,
JOL A,57,1,2,22,Car - Windshield,34,Car - ?,happy,
JOL A,57,1,2,23,Bad - Villain,34,Bad - ?,good,
JOL A,57,1,2,24,Bird - Penguin,90,Bird - ?,eagle,
JOL A,57,1,2,25,Star - Actress,23,Star - ?,actress,
JOL A,57,1,2,26,Thread - Thimble,1,Thread - ?,tie,
JOL A,57,1,2,27,Even - Revenge,32,Even - ?,odd,
JOL A,57,1,2,28,Pop - Balloon,67,Pop - ?,soda,
JOL A,57,1,2,29,Fruit - Strawberry,60,Fruit - ?,orange,
JOL A,57,1,2,30,Best - Favorite,46,Best - ?,favrite,
JOL A,57,1,2,31,Cat - Panther,80,Cat - ?,litter,
JOL A,57,1,2,32,Glass - Breakable,78,Glass - ?,breakable,
JOL A,57,1,2,33,Dead - Coffin,56,Dead - ?,coffin,
JOL A,57,1,2,34,Plane - Aircraft,34,Plane - ?,aircraft,
JOL A,57,1,2,35,Fish - Sardine,56,Fish - ?,sardines,
JOL A,57,1,2,36,Baseball - League,90,Baseball - ?,golve,
JOL A,57,1,2,37,Money - Banker,34,Money - ?,cash,
JOL A,57,1,2,38,Honest - Truthful,47,Honest - ?,truth,
JOL A,57,1,2,39,Sleep - Nap,34,Sleep - ?,na,
JOL A,57,1,2,40,Fight - Brawl,50,Fight - ?,brawl,
JOL A,57,1,2,41,Razor - Shave,90,Razor - ?,shave,
JOL A,57,1,2,42,Rights - Equal,567,Rights - ?,equal,
JOL A,57,1,2,43,Mason - Jar,99,Mason - ?,jar,
JOL A,57,1,2,44,Candle - Wax,99,Candle - ?,wax,
JOL A,57,1,2,45,Wrist - Bracelet,90,Wrist - ?,braclet,
JOL A,57,1,2,46,Element - Carbon,70,Element - ?,carbon,
JOL A,57,1,2,47,Gone - Away,30,Gone - ?,alone,
JOL A,57,1,2,48,Water - Drink,70,Water,drink,
JOL A,57,1,2,49,Earth - Ground,2,Earth - ?,ground,
JOL A,57,1,2,50,Alone - Lonely,90,Alone - ?,lonely,
JOL A,57,1,2,51,Dry - Wet,99,Dry - ?,wet,
JOL A,57,1,2,52,Safety - Seatbelt,40,Safety - ?,belt,
JOL A,57,1,2,53,Truth - Lie,99,Truth - ?,lie,
JOL A,57,1,2,54,Phone - Communication,80,Phone - ?,call,
JOL A,57,1,2,55,Rod - Reel,1,Rod - ?,cone,
JOL A,57,1,2,56,Flea - Tick,50,Flea - ?,tick,
JOL A,57,1,2,57,Loud - Noise,60,Loud - ?,noise,
JOL A,57,1,2,58,Own - Have,1,Own - ?,mine,
JOL A,57,1,2,59,Tantrum - Temper,99,Tantrum - ?,temper,
JOL A,57,1,2,60,Sun - Tan,99,Sun - ?,tan,
JOL A,57,1,2,61,Justice - Maroon,1,Justice - ?,rights,
JOL A,57,1,2,62,Stretch - Cloth,1,Stretch - ?,musce,
JOL A,57,1,2,63,Give - Steak,12,Give - ?,take,
JOL A,57,1,2,64,Maze - Election,50,Maze - ?,mouse,
JOL A,57,1,2,65,Meat - Obtain,1,Meat - ?,m,
JOL A,57,1,2,66,Crackle - Able,1,Crackle - ?,pop,
JOL A,57,1,2,67,Shell - Snake,1,Shell - ?,fish,
JOL A,57,1,2,68,Listen - Fiction,,Listen - ?,hear,
JOL A,57,1,2,69,Keys - Joke,1,Keys - ?,latch,
JOL A,57,1,2,70,Cake - Clothes,1,Cake - ?,children,
JOL A,57,1,2,71,Name - Hate,1,Name - ?,bad,
JOL A,57,1,2,72,Fuzzy - Bang,46,Fuzzy - ?,dog,
JOL A,57,1,2,73,Moat - Clear,23,Moat - ?,,
JOL A,57,1,2,74,Lease - Toil,1,Lease - ?,rent,
JOL A,57,1,2,75,Loan - Sign,34,Loan - ?,money,
JOL A,57,1,2,76,Both - Ounce,56,Both - ?,childern,
JOL A,57,1,2,77,Temperature - Morning,1,Temperature - ?,house,
JOL A,57,1,2,78,Mirror - Children,1,Mirror - ?,child,
JOL A,57,1,2,79,Main - Scar,1,Main - ?,focus,
JOL A,57,1,2,80,Charm - Vehicle,1,Charm - ?,sweet,
T_JOL B,58,1,2,1,Delinquent - Bad,100,Delinquent - ?,bad,
T_JOL B,58,1,2,2,Digestion - Stomach,80,Digestion - ?,stomach,
T_JOL B,58,1,2,3,Wage - Money,70,Wage - ?,money,
T_JOL B,58,1,2,4,Chisel - Hammer,,Chisel - ?,rock,
T_JOL B,58,1,2,5,Editor - News,20,Editor - ?,news,
T_JOL B,58,1,2,6,Hornet - Sting,100,Hornet - ?,sting,
T_JOL B,58,1,2,7,Bitter - Cold,50,Bitter - ?,cold,
T_JOL B,58,1,2,8,Root - Plant,70,Root - ?,planty,
T_JOL B,58,1,2,9,Swan - Bird,50,Swan - ?,bird,
T_JOL B,58,1,2,10,Paw - Dog,70,Paw - ?,dog,
T_JOL B,58,1,2,11,Way - Out,100,Way - ?,out,
T_JOL B,58,1,2,12,Hygiene - Clean,30,Hygiene - ?,clean,
T_JOL B,58,1,2,13,Bridge - Water,13,Bridge - ?,water,
T_JOL B,58,1,2,14,Geology - Rock,100,Geology - ?,rock,
T_JOL B,58,1,2,15,Revolution - War,100,Revolution - ?,war,
T_JOL B,58,1,2,16,Discussion - Talk,70,Discussion - ?,talk,
T_JOL B,58,1,2,17,Herd - Cow,20,Herd - ?,cow,
T_JOL B,58,1,2,18,Credit - Card,100,Credit - ?,card,
T_JOL B,58,1,2,19,Orchid - Flower,90,Orchid - ?,flowerorplant,
T_JOL B,58,1,2,20,Tuna -  Fish,0,Tuna - ?,fish,
T_JOL B,58,1,2,21,Full - Enough,50,Full - ?,enough,
T_JOL B,58,1,2,22,Drink - Sip,100,Drink - ?,water,
T_JOL B,58,1,2,23,Dark - Cave,40,Dark - ?,cave,
T_JOL B,58,1,2,24,Take - Seize,50,Take - ?,steal,
T_JOL B,58,1,2,25,Height - Growth,100,Height - ?,growth,
T_JOL B,58,1,2,26,Sentence - Word,40,Sentence - ?,word,
T_JOL B,58,1,2,27,Bug - Wasp,100,Bug - ?,wasp,
T_JOL B,58,1,2,28,Math - Division,100,Math - ?,division,
T_JOL B,58,1,2,29,Law - Attorney,100,Law - ?,jury,
T_JOL B,58,1,2,30,Great - Fantastic,50,Great - ?,excellent,
T_JOL B,58,1,2,31,Key - Latch,100,Key - ?,latch,
T_JOL B,58,1,2,32,Hot - Chili,70,Hot - ?,cold,
T_JOL B,58,1,2,33,Ball - Racket,30,Ball - ?,catch,
T_JOL B,58,1,2,34,Work - Chore,40,Work - ?,wage,
T_JOL B,58,1,2,35,Hunger - Famine,100,Hunger - ?,eat,
T_JOL B,58,1,2,36,Sleep - Drowsy,100,Sleep - ?,nap,
T_JOL B,58,1,2,37,Smell - Stench,100,Smell - ?,stench,
T_JOL B,58,1,2,38,Clothes - Attire,6,Clothes - ?,attire,
T_JOL B,58,1,2,39,Plane - Pilot,100,Plane - ?,pilot,
T_JOL B,58,1,2,40,Fire - Blaze,100,Fire - ?,blaze,
T_JOL B,58,1,2,41,Due - Assignment,50,Due - ?,assignment,
T_JOL B,58,1,2,42,Number - Amount,100,Number - ?,even,
T_JOL B,58,1,2,43,Location - Site,60,Location - ?,start,
T_JOL B,58,1,2,44,Dump - Waste,100,Dump - ?,waste,
T_JOL B,58,1,2,45,Trial - Jury,100,Trial - ?,jury,
T_JOL B,58,1,2,46,Architecture - Design,75,Architecture - ?,design,
T_JOL B,58,1,2,47,Grill -Bar,20,Grill - ?,bar,
T_JOL B,58,1,2,48,Kidney - Liver,67,Kidney - ?,liver,
T_JOL B,58,1,2,49,Begin - End,100,Begin - ?,end,
T_JOL B,58,1,2,50,Blow - Wind,100,Blow - ?,wind,
T_JOL B,58,1,2,51,Pop - Soda,100,Pop - ?,soda,
T_JOL B,58,1,2,52,Wine - Cheese,50,Wine - ?,cheese,
T_JOL B,58,1,2,53,Bathroom - Toilet,100,Bathroom - ?,toilet,
T_JOL B,58,1,2,54,Choice - Decision,50,Choice - ?,option,
T_JOL B,58,1,2,55,Shoe - Foot,100,Shoe - ?,foot,
T_JOL B,58,1,2,56,Past - Future,80,Meaning - ?,definition,
T_JOL B,58,1,2,57,Lettuce - Salad,100,Lettuce - ?,salad,
T_JOL B,58,1,2,58,Honey - Bee,90,Honey - ?,bee,
T_JOL B,58,1,2,59,Baby - Child,100,Baby - ?,child,
T_JOL B,58,1,2,60,Circle - Round,100,Circle - ?,round,
T_JOL B,58,1,2,61,Pusher - Clutter,0,Pusher - ?,catcher,
T_JOL B,58,1,2,62,Dietary - Sacking,20,Dietary - ?,food,
T_JOL B,58,1,2,63,Park - Hungry,45,Park - ?,swing,
T_JOL B,58,1,2,64,Lift - Woman,20,Lift - ?,woman,
T_JOL B,58,1,2,65,Soon - Belt,0,Soon - ?,enough,
T_JOL B,58,1,2,66,Discover - Floor,12,Discover - ?,find,
T_JOL B,58,1,2,67,Death - Business,9,Death - ?,business,
T_JOL B,58,1,2,68,Debate - Sight,0,Debate - ?,argue,
T_JOL B,58,1,2,69,Artery - Bronze,0,Artery - ?,lood,
T_JOL B,58,1,2,70,Fix - Hand,2,Fix - ?,repair,
T_JOL B,58,1,2,71,Machine - Position,9,Machine - ?,computer,
T_JOL B,58,1,2,72,Happy - Car,0,Happy - ?,joy,
T_JOL B,58,1,2,73,Allow - Tuck,20,Allow - ?,let,
T_JOL B,58,1,2,74,Art - Lion,0,Art - ?,show,
T_JOL B,58,1,2,75,Strong - Accident,60,Strong - ?,touh,
T_JOL B,58,1,2,76,Sugar - Riddle,0,Sugar - ?,sweet,
T_JOL B,58,1,2,77,Valley - Add,20,Valley - ?,canyon,
T_JOL B,58,1,2,78,Cash - Would,20,Cash - ?,money,
T_JOL B,58,1,2,79,Hide - Sick,20,Hide - ?,scare,
T_JOL B,58,1,2,80,King - Vase,20,King - ?,queen,
T_JOL C,59,1,2,1,Flip - Turn,75,Flip - ?,turn,
T_JOL C,59,1,2,2,Windshield - Car,85,Windshield - ?,car,
T_JOL C,59,1,2,3,Villain - Bad,80,Villian - ?,bad,
T_JOL C,59,1,2,4,Penguin - Bird,65,Penguin - ?,bird,
T_JOL C,59,1,2,5,Actress - Star,90,Actress - ?,star,
T_JOL C,59,1,2,6,Thimble - Thread,20,Thimble - ?,turn,
T_JOL C,59,1,2,7,Revenge - Even,75,Revenge - ?,,
T_JOL C,59,1,2,8,Balloon - Pop,80,Balloon - ?,pop,
T_JOL C,59,1,2,9,Strawberry - Fruit,85,Strawberry - ?,fruit,
T_JOL C,59,1,2,10,Favorite - Best,80,Favorite - ?,best,
T_JOL C,59,1,2,11,Panther - Cat,85,Panther - ?,cat,
T_JOL C,59,1,2,12,Breakable - Glass,85,Breakable - ?,glass,
T_JOL C,59,1,2,13,Coffin - Dead,75,Coffin - ?,dea,
T_JOL C,59,1,2,14,Aircraft - Plane,50,Aircraft - ?,plane,
T_JOL C,59,1,2,15,Sardine - Fish,80,Sardine - ?,fish,
T_JOL C,59,1,2,16,League - Baseball,90,League - ?,baseball,
T_JOL C,59,1,2,17,Banker - Money,80,Banker - ?,mony,
T_JOL C,59,1,2,18,Truthful - Honest,80,Truthful - ?,honest,
T_JOL C,59,1,2,19,Nap - Sleep,80,Nap - ?,sleep,
T_JOL C,59,1,2,20,Brawl - Fight,90,Brawl - ?,fight,
T_JOL C,59,1,2,21,Long - Extension,6,Long - ?,extensive,
T_JOL C,59,1,2,22,Game - Clue,50,Game - ?,clueless,
T_JOL C,59,1,2,23,Tie - Shoelace,80,Tie - ?,knot,
T_JOL C,59,1,2,24,Mystery - Detective,75,Mystery - ?,detective,
T_JOL C,59,1,2,25,End - Adjourn,20,End - ?,begin,
T_JOL C,59,1,2,26,Dog - Furry,75,Dog - ?,fur,
T_JOL C,59,1,2,27,Trash - Litter,80,Trash - ?,waste,
T_JOL C,59,1,2,28,Red - Cherry,85,Red - ?,apple,
T_JOL C,59,1,2,29,Head - Scalp,75,Head - ?,scalp,
T_JOL C,59,1,2,30,Car - Driver,90,Car - ?,drive,
T_JOL C,59,1,2,31,Cut - Chop,90,Cut - ?,scissors,
T_JOL C,59,1,2,32,Donkey - Mule,90,Donkey - ?,mule,
T_JOL C,59,1,2,33,Paper - Document,90,Paper - ?,write,
T_JOL C,59,1,2,34,Smell - Incense,80,Smell - ?,stench,
T_JOL C,59,1,2,35,Eat - Dine,80,Eat - ?,drink,
T_JOL C,59,1,2,36,Scissors - Shears,20,Scissors - ?,cut,
T_JOL C,59,1,2,37,Fight - Feud,,Fight - ?,brawl,
T_JOL C,59,1,2,38,Plant - Cactus,80,Plant - ?,cactus,
T_JOL C,59,1,2,39,Cold - Chill,80,Cold - ?,snow,
T_JOL C,59,1,2,40,Love - Affection,90,Love - ?,affection,
T_JOL C,59,1,2,41,Shave - Razor,75,Shave - ?,razor,
T_JOL C,59,1,2,42,Equal - Rights,90,Equal - ?,rights,
T_JOL C,59,1,2,43,Jar - Mason,50,Jar - ?,full,
T_JOL C,59,1,2,44,Wax - Candle,75,Wax - ?,candle,
T_JOL C,59,1,2,45,Bracelet - Wrist,78,Bracelet - ?,wrist,
T_JOL C,59,1,2,46,Carbon - Element,85,Carbon - ?,element,
T_JOL C,59,1,2,47,Away - Gone,75,Away - ?,gone,
T_JOL C,59,1,2,48,Drink - Water,90,Drink - ?,eat,
T_JOL C,59,1,2,49,Ground - Earth,50,Ground - ?,earth,
T_JOL C,59,1,2,50,Lonely - Alone,75,Lonely - ?,alone,
T_JOL C,59,1,2,51,Seatbelt - Safety,80,Seatbelt - ?,car,
T_JOL C,59,1,2,52,Lie - Truth,85,Lie - ?,truth,
T_JOL C,59,1,2,53,Communication - Phone,90,Communication - ?,talk,
T_JOL C,59,1,2,54,Reel - Rod,50,Reel - ?,,
T_JOL C,59,1,2,55,Tick - Flea,20,Tick - ?,thimble,
T_JOL C,59,1,2,56,Noise - Loud,80,Noise - ?,loud,
T_JOL C,59,1,2,57,Have - Own,68,Have - ?,own,
T_JOL C,59,1,2,58,Temper - Tantrum,90,Temper - ?,tantrum,
T_JOL C,59,1,2,59,Tan - Sun,90,Tan - ?,bronze,
T_JOL C,59,1,2,60,Maroon - Justice,20,Maroon - ?,equal,
T_JOL C,59,1,2,61,Cloth - Stretch,60,Cloth - ?,pack,
T_JOL C,59,1,2,62,Election - Maze,,Election - ?,person,
T_JOL C,59,1,2,63,Charm - Vehicle,0,Charm - ?,key,
T_JOL C,59,1,2,64,Obtain - Meat,20,Obtain - ?,get,
T_JOL C,59,1,2,65,Able - Crackle,,Able - ?,can,
T_JOL C,59,1,2,66,Shake - Shell,60,Shake - ?,,
T_JOL C,59,1,2,67,Fiction - Listen,50,Fiction - ?,story,
T_JOL C,59,1,2,68,Joke - Keys,40,Joke - ?,clown,
T_JOL C,59,1,2,69,Hate - Name,30,Hate - ?,,
T_JOL C,59,1,2,70,Bang - Fuzzy,20,Clear - ?,sky,
T_JOL C,59,1,2,71,Clear - Moat,10,Wet - ?,water,
T_JOL C,59,1,2,72,Wet - Dry,80,Steak - ?,happy,
T_JOL C,59,1,2,73,Steak - Give,20,Bang - ?,fire,
T_JOL C,59,1,2,74,Clothes - Cake,28,Clothes - ?,travel,
T_JOL C,59,1,2,75,Toil - Lease,30,Toil - ?,,
T_JOL C,59,1,2,76,Sign - Loan,20,Sign - ?,,
T_JOL C,59,1,2,77,Ounce - Both,23,Ounce - ?,size,
T_JOL C,59,1,2,78,Morning - Temperature,50,Morning - ?,weather,
T_JOL C,59,1,2,79,Children - Mirror,20,Children - ?,play,
T_JOL C,59,1,2,80,Main - Scar,20,Main - ?,,
T_JOL D,60,1,2,1,Enough - Full,50,Enough - ?,full,
T_JOL D,60,1,2,2,Sip - Drink,50,Sip - ?,,
T_JOL D,60,1,2,3,Cave - Dark,50,Cave - ?,dark,
T_JOL D,60,1,2,4,Seize - Take,10,Seize - ?,take,
T_JOL D,60,1,2,5,Growth - Height,60,Growth - ?,height,
T_JOL D,60,1,2,6,Word - Sentence,30,Word - ?,puzzle,
T_JOL D,60,1,2,7,Wasp - Bug,20,Wasp - ?,sting,
T_JOL D,60,1,2,8,Division - Math,50,Division - ?,math,
T_JOL D,60,1,2,9,Attorney - Law,50,Attorney - ?,law,
T_JOL D,60,1,2,10,Fantastic - Great,80,Fantastic - ?,great,
T_JOL D,60,1,2,11,Latch - Key,10,Latch - ?,hold,
T_JOL D,60,1,2,12,Chili - Hot,90,Chili - ?,hot,
T_JOL D,60,1,2,13,Racket - Ball,80,Racket - ?,ball,
T_JOL D,60,1,2,14,Chore - Work,80,Chore - ?,work,
T_JOL D,60,1,2,15,Famine - Hunger,0,Famine - ?,,
T_JOL D,60,1,2,16,Drowsy - Sleep,50,Drowsy - ?,sleep,
T_JOL D,60,1,2,17,Stench - Smell,40,Stench - ?,smell,
T_JOL D,60,1,2,18,Attire - Clothes,50,Attire - ?,clothes,
T_JOL D,60,1,2,19,Pilot - Plane,70,Pilot - ?,plane,
T_JOL D,60,1,2,20,Blaze - Fire,,Blaze - ?,hot,
T_JOL D,60,1,2,21,Bad - Delinquent,70,Bad - ?,wrong,
T_JOL D,60,1,2,22,Stomach - Digestion,50,Stomach - ?,digest,
T_JOL D,60,1,2,23,Money - Wage,50,Money - ?,amount,
T_JOL D,60,1,2,24,News - Editor,100,News - ?,letter,
T_JOL D,60,1,2,25,Sting - Hornet,560,Sting - ?,wasp,
T_JOL D,60,1,2,26,Cold - Bitter,40,Cold - ?,,
T_JOL D,60,1,2,27,Plant - Root,50,Plant - ?,green,
T_JOL D,60,1,2,28,Bird - Swan,40,Bird - ?,chirp,
T_JOL D,60,1,2,29,Dog - Paw,50,Dog - ?,paw,
T_JOL D,60,1,2,30,Out - Way,10,Out - ?,in,
T_JOL D,60,1,2,31,Clean - Hygiene,50,Clean - ?,dirty,
T_JOL D,60,1,2,32,Water - Bridge,50,Water- ?,drink,
T_JOL D,60,1,2,33,Rock - Geology,0,Rock - ?,,
T_JOL D,60,1,2,34,War - Revolution,80,War - ?,revolution,
T_JOL D,60,1,2,35,Talk - Discussion,60,Talk - ?,communcation,
T_JOL D,60,1,2,36,Cow - Herd,10,Cow - ?,animal,
T_JOL D,60,1,2,37,Card - Credit,60,Card - ?,credit,
T_JOL D,60,1,2,38,Flower - Orchid,0,Flower - ?,orchrid,
T_JOL D,60,1,2,39,Fish - Tuna,50,Fish - ?,tuna,
T_JOL D,60,1,2,40,Hammer - Chisel,0,Hammer - ?,tool,
T_JOL D,60,1,2,41,Assignment - Due,100,Assignment - ?,due,
T_JOL D,60,1,2,42,Amount - Number,90,Amount - ?,money,
T_JOL D,60,1,2,43,Site - Location,10,Site - ?,seek,
T_JOL D,60,1,2,44,Waste - Dump,70,Waste - ?,garbage,
T_JOL D,60,1,2,45,Jury - Trial,50,Jury - ?,trial,
T_JOL D,60,1,2,46,Design - Architecture,50,Design - ?,algriculture,
T_JOL D,60,1,2,47,Bar - Grill,70,Bar - ?,grill,
T_JOL D,60,1,2,48,Liver - Kidney,80,Liver - ?,kidney,
T_JOL D,60,1,2,49,End - Begin,75,End - ?,begin,
T_JOL D,60,1,2,50,Wind - Blow,80,Wind - ?,blow,
T_JOL D,60,1,2,51,Soda - Pop,50,Soda - ?,pop,
T_JOL D,60,1,2,52,Cheese - Wine,10,Cheese - ?,,
T_JOL D,60,1,2,53,Toilet - Bathroom,90,Toilet - ?,bathrom,
T_JOL D,60,1,2,54,Decision - Choice,50,Decision - ?,choice,
T_JOL D,60,1,2,55,Foot - Shoe,100,Foot - ?,ball,
T_JOL D,60,1,2,56,Future - Past,50,Future - ?,past,
T_JOL D,60,1,2,57,Salad - Lettuce,40,Salad - ?,healthy,
T_JOL D,60,1,2,58,Bee - Honey,100,Bee - ?,honey,
T_JOL D,60,1,2,59,Child - Baby,50,Child - ?,baby,
T_JOL D,60,1,2,60,Round - Circle,100,Round - ?,circle,
T_JOL D,60,1,2,61,Clutter - Pusher,10,Clutter - ?,crowd,
T_JOL D,60,1,2,62,Sacking - Dietary,0,Sacking - ?,,
T_JOL D,60,1,2,63,Hungry - Park,0,Hungry - ?,eat,
T_JOL D,60,1,2,64,Woman - Lift,5,Woman - ?,lift,
T_JOL D,60,1,2,65,Belt - Soon,0,Belt - ?,seat,
T_JOL D,60,1,2,66,Floor - Discover,0,Floor - ?,,
T_JOL D,60,1,2,67,Business - Death,0,Business - ?,,
T_JOL D,60,1,2,68,Sight - Debate,0,Sight - ?,see,
T_JOL D,60,1,2,69,Bronze - Artery,0,Bronze - ?,,
T_JOL D,60,1,2,70,Hand - Fix,0,Hand - ?,,
T_JOL D,60,1,2,71,Position - Machine,0,Position - ?,,
T_JOL D,60,1,2,72,Car - Happy,0,Car - ?,,
T_JOL D,60,1,2,73,Tuck - Allow,0,Tuck - ?,in,
T_JOL D,60,1,2,74,Lion - Art,5,Lion - ?,art,
T_JOL D,60,1,2,75,Accident - Strong,0,Accident - ?,mistake,
T_JOL D,60,1,2,76,Riddle - Sugar,0,Riddle - ?,game,
T_JOL D,60,1,2,77,Add - Valley,0,Add - ?,,
T_JOL D,60,1,2,78,Would - Cash,0,Would - ?,,
T_JOL D,60,1,2,79,Sick - Hide,50,Sick - ?,fever,
T_JOL D,60,1,2,80,Vase - King,0,Vase - ?,,
JOL A,61,1,2,1,Extension - Long,10,Extension - ?,lengthen,
JOL A,61,1,2,2,Clue - Game,20,Clue - ?,game,
JOL A,61,1,2,3,Cactus - Plant,102,Cactus - ?,plant,
JOL A,61,1,2,4,Shoelace - Tie,12,Shoelace - ?,tie,
JOL A,61,1,2,5,Detective - Mystery,15,Detective - ?,investigate,
JOL A,61,1,2,6,Adjourn - End,11,Adjourn - ?,,
JOL A,61,1,2,7,Furry - Dog,100,Furry - ?,dog,
JOL A,61,1,2,8,Litter - Trash,100,Litter - ?,mess,
JOL A,61,1,2,9,Cherry - Red,100,Cherry - ?,red,
JOL A,61,1,2,10,Scalp - Head,100,Scalp - ?,head,
JOL A,61,1,2,11,Driver - Car,100,Driver - ?,car,
JOL A,61,1,2,12,Chop - Cut,100,Chop - ?,cut,
JOL A,61,1,2,13,Mule - Donkey,19,Mule - ?,donkey,
JOL A,61,1,2,14,Document - Paper,100,Document - ?,essay,
JOL A,61,1,2,15,Incense - Smell,23,Incense - ?,smell,
JOL A,61,1,2,16,Dine - Eat,100,Dine - ?,eat,
JOL A,61,1,2,17,Shears - Scissors,10,Shears - ?,scissors,
JOL A,61,1,2,18,Feud - Fight,12,Feud - ?,argument,
JOL A,61,1,2,19,Chill - Cold,100,Chill - ?,cold,
JOL A,61,1,2,20,Affection - Love,100,Affection - ?,love,
JOL A,61,1,2,21,Turn - Flip,10,Turn - ?,flip,
JOL A,61,1,2,22,Car - Windshield,12,Car - ?,driver,
JOL A,61,1,2,23,Bad - Villain,100,Bad - ?,,
JOL A,61,1,2,24,Bird - Penguin,145,Bird - ?,penguin,
JOL A,61,1,2,25,Star - Actress,12,Star - ?,gaze,
JOL A,61,1,2,26,Thread - Thimble,12,Thread - ?,needle,
JOL A,61,1,2,27,Even - Revenge,100,Even - ?,od,
JOL A,61,1,2,28,Pop - Balloon,100,Pop - ?,soda,
JOL A,61,1,2,29,Fruit - Strawberry,100,Fruit - ?,strawberry,
JOL A,61,1,2,30,Best - Favorite,10,Best - ?,great,
JOL A,61,1,2,31,Cat - Panther,12,Cat - ?,dog,
JOL A,61,1,2,32,Glass - Breakable,12,Glass - ?,window,
JOL A,61,1,2,33,Dead - Coffin,100,Dead - ?,coffin,
JOL A,61,1,2,34,Plane - Aircraft,100,Plane - ?,pilot,
JOL A,61,1,2,35,Fish - Sardine,10,Fish - ?,sardine,
JOL A,61,1,2,36,Baseball - League,100,Baseball - ?,league,
JOL A,61,1,2,37,Money - Banker,12,Money - ?,borrow,
JOL A,61,1,2,38,Honest - Truthful,100,Honest - ?,truthful,
JOL A,61,1,2,39,Sleep - Nap,100,Sleep - ?,nap,
JOL A,61,1,2,40,Fight - Brawl,10,Fight - ?,brawl,
JOL A,61,1,2,41,Razor - Shave,10,Razor - ?,cut,
JOL A,61,1,2,42,Rights - Equal,100,Rights - ?,equal,
JOL A,61,1,2,43,Mason - Jar,50,Mason - ?,jar,
JOL A,61,1,2,44,Candle - Wax,100,Candle - ?,wax,
JOL A,61,1,2,45,Wrist - Bracelet,15,Wrist - ?,bracelet,
JOL A,61,1,2,46,Element - Carbon,100,Element - ?,carbon,
JOL A,61,1,2,47,Gone - Away,10,Gone - ?,away,
JOL A,61,1,2,48,Water - Drink,100,Water,drink,
JOL A,61,1,2,49,Earth - Ground,100,Earth - ?,ground,
JOL A,61,1,2,50,Alone - Lonely,100,Alone - ?,lonely,
JOL A,61,1,2,51,Dry - Wet,100,Dry - ?,wet,
JOL A,61,1,2,52,Safety - Seatbelt,19,Safety - ?,seatbelt,
JOL A,61,1,2,53,Truth - Lie,100,Truth - ?,honest,
JOL A,61,1,2,54,Phone - Communication,11,Phone - ?,own,
JOL A,61,1,2,55,Rod - Reel,10,Rod - ?,reel,
JOL A,61,1,2,56,Flea - Tick,12,Flea - ?,tick,
JOL A,61,1,2,57,Loud - Noise,100,Loud - ?,noise,
JOL A,61,1,2,58,Own - Have,100,Own - ?,have,
JOL A,61,1,2,59,Tantrum - Temper,100,Tantrum - ?,child,
JOL A,61,1,2,60,Sun - Tan,100,Sun - ?,shine,
JOL A,61,1,2,61,Justice - Maroon,15,Justice - ?,law,
JOL A,61,1,2,62,Stretch - Cloth,12,Stretch - ?,cloth,
JOL A,61,1,2,63,Give - Steak,12,Give - ?,take,
JOL A,61,1,2,64,Maze - Election,15,Maze - ?,trail,
JOL A,61,1,2,65,Meat - Obtain,11,Meat - ?,,
JOL A,61,1,2,66,Crackle - Able,100,Crackle - ?,cake,
JOL A,61,1,2,67,Shell - Snake,1,Shell - ?,snake,
JOL A,61,1,2,68,Listen - Fiction,11,Listen - ?,hear,
JOL A,61,1,2,69,Keys - Joke,1,Keys - ?,latch,
JOL A,61,1,2,70,Cake - Clothes,1,Cake - ?,c,
JOL A,61,1,2,71,Name - Hate,1,Name - ?,tag,
JOL A,61,1,2,72,Fuzzy - Bang,12,Fuzzy - ?,dog,
JOL A,61,1,2,73,Moat - Clear,12,Moat - ?,boat,
JOL A,61,1,2,74,Lease - Toil,11,Lease - ?,rent,
JOL A,61,1,2,75,Loan - Sign,12,Loan - ?,give,
JOL A,61,1,2,76,Both - Ounce,1,Both - ?,together,
JOL A,61,1,2,77,Temperature - Morning,12,Temperature - ?,morning,
JOL A,61,1,2,78,Mirror - Children,12,Mirror - ?,child,
JOL A,61,1,2,79,Main - Scar,12,Main - ?,only,
JOL A,61,1,2,80,Charm - Vehicle,1,Charm - ?,lucky,
T_JOL B,62,1,2,1,Delinquent - Bad,12,Delinquent - ?,bad,
T_JOL B,62,1,2,2,Digestion - Stomach,45,Digestion - ?,stomach,
T_JOL B,62,1,2,3,Wage - Money,78,Wage - ?,hour,
T_JOL B,62,1,2,4,Chisel - Hammer,12,Chisel - ?,hammer,
T_JOL B,62,1,2,5,Editor - News,29,Editor - ?,newspaper,
T_JOL B,62,1,2,6,Hornet - Sting,100,Hornet - ?,sting,
T_JOL B,62,1,2,7,Bitter - Cold,12,Bitter - ?,cold,
T_JOL B,62,1,2,8,Root - Plant,78,Root - ?,plant,
T_JOL B,62,1,2,9,Swan - Bird,45,Swan - ?,bird,
T_JOL B,62,1,2,10,Paw - Dog,23,Paw - ?,dog,
T_JOL B,62,1,2,11,Way - Out,98,Way - ?,out,
T_JOL B,62,1,2,12,Hygiene - Clean,78,Hygiene - ?,clean,
T_JOL B,62,1,2,13,Bridge - Water,90,Bridge - ?,water,
T_JOL B,62,1,2,14,Geology - Rock,90,Geology - ?,rock,
T_JOL B,62,1,2,15,Revolution - War,90,Revolution - ?,war,
T_JOL B,62,1,2,16,Discussion - Talk,75,Discussion - ?,talk,
T_JOL B,62,1,2,17,Herd - Cow,99,Herd - ?,cow,
T_JOL B,62,1,2,18,Credit - Card,100,Credit - ?,card,
T_JOL B,62,1,2,19,Orchid - Flower,67,Orchid - ?,flower,
T_JOL B,62,1,2,20,Tuna -  Fish,99,Tuna - ?,fish,
T_JOL B,62,1,2,21,Full - Enough,98,Full - ?,tank,
T_JOL B,62,1,2,22,Drink - Sip,99,Drink - ?,water,
T_JOL B,62,1,2,23,Dark - Cave,90,Dark - ?,night,
T_JOL B,62,1,2,24,Take - Seize,96,Take - ?,away,
T_JOL B,62,1,2,25,Height - Growth,67,Height - ?,tall,
T_JOL B,62,1,2,26,Sentence - Word,90,Sentence - ?,writing,
T_JOL B,62,1,2,27,Bug - Wasp,34,Bug - ?,ant,
T_JOL B,62,1,2,28,Math - Division,90,Math - ?,division,
T_JOL B,62,1,2,29,Law - Attorney,89,Law - ?,attorney,
T_JOL B,62,1,2,30,Great - Fantastic,23,Great - ?,favorite,
T_JOL B,62,1,2,31,Key - Latch,23,Key - ?,latch,
T_JOL B,62,1,2,32,Hot - Chili,75,Hot - ?,chili,
T_JOL B,62,1,2,33,Ball - Racket,99,Ball - ?,bounce,
T_JOL B,62,1,2,34,Work - Chore,89,Work - ?,chore,
T_JOL B,62,1,2,35,Hunger - Famine,78,Hunger - ?,food,
T_JOL B,62,1,2,36,Sleep - Drowsy,87,Sleep - ?,dream,
T_JOL B,62,1,2,37,Smell - Stench,89,Smell - ?,odor,
T_JOL B,62,1,2,38,Clothes - Attire,81,Clothes - ?,,
T_JOL B,62,1,2,39,Plane - Pilot,98,Plane - ?,pilot,
T_JOL B,62,1,2,40,Fire - Blaze,99,Fire - ?,burn,
T_JOL B,62,1,2,41,Due - Assignment,99,Due - ?,assignment,
T_JOL B,62,1,2,42,Number - Amount,89,Number - ?,amount,
T_JOL B,62,1,2,43,Location - Site,32,Location - ?,site,
T_JOL B,62,1,2,44,Dump - Waste,99,Dump - ?,waste,
T_JOL B,62,1,2,45,Trial - Jury,89,Trial - ?,error,
T_JOL B,62,1,2,46,Architecture - Design,12,Architecture - ?,building,
T_JOL B,62,1,2,47,Grill -Bar,11,Grill - ?,bar,
T_JOL B,62,1,2,48,Kidney - Liver,22,Kidney - ?,liver,
T_JOL B,62,1,2,49,Begin - End,67,Begin - ?,end,
T_JOL B,62,1,2,50,Blow - Wind,34,Blow - ?,air,
T_JOL B,62,1,2,51,Pop - Soda,90,Pop - ?,soda,
T_JOL B,62,1,2,52,Wine - Cheese,90,Wine - ?,cheese,
T_JOL B,62,1,2,53,Bathroom - Toilet,90,Bathroom - ?,toilet,
T_JOL B,62,1,2,54,Choice - Decision,78,Choice - ?,make,
T_JOL B,62,1,2,55,Shoe - Foot,56,Shoe - ?,foot,
T_JOL B,62,1,2,56,Past - Future,87,Meaning - ?,word,
T_JOL B,62,1,2,57,Lettuce - Salad,67,Lettuce - ?,salad,
T_JOL B,62,1,2,58,Honey - Bee,99,Honey - ?,bee,
T_JOL B,62,1,2,59,Baby - Child,45,Baby - ?,child,
T_JOL B,62,1,2,60,Circle - Round,90,Circle - ?,round,
T_JOL B,62,1,2,61,Pusher - Clutter,12,Pusher - ?,closer,
T_JOL B,62,1,2,62,Dietary - Sacking,12,Dietary - ?,needs,
T_JOL B,62,1,2,63,Park - Hungry,,Park - ?,bench,
T_JOL B,62,1,2,64,Lift - Woman,34,Lift - ?,up,
T_JOL B,62,1,2,65,Soon - Belt,76,Soon - ?,later,
T_JOL B,62,1,2,66,Discover - Floor,78,Discover - ?,find,
T_JOL B,62,1,2,67,Death - Business,12,Death - ?,business,
T_JOL B,62,1,2,68,Debate - Sight,31,Debate - ?,talk,
T_JOL B,62,1,2,69,Artery - Bronze,12,Artery - ?,vein,
T_JOL B,62,1,2,70,Fix - Hand,67,Fix - ?,tools,
T_JOL B,62,1,2,71,Machine - Position,89,Machine - ?,,
T_JOL B,62,1,2,72,Happy - Car,23,Happy - ?,car,
T_JOL B,62,1,2,73,Allow - Tuck,12,Allow - ?,give,
T_JOL B,62,1,2,74,Art - Lion,11,Art - ?,nice,
T_JOL B,62,1,2,75,Strong - Accident,84,Strong - ?,fit,
T_JOL B,62,1,2,76,Sugar - Riddle,12,Sugar - ?,high,
T_JOL B,62,1,2,77,Valley - Add,56,Valley - ?,hill,
T_JOL B,62,1,2,78,Cash - Would,11,Cash - ?,money,
T_JOL B,62,1,2,79,Hide - Sick,11,Hide - ?,sick,
T_JOL B,62,1,2,80,King - Vase,78,King - ?,people,
