ExperimentName,Subject,Block,ListNum,cue_target,JOL Rating,cue_target,Recall Response,Recall Correct?,Direction
T_JOL D,56,1,1,Flip - Turn,70,Flip - ?,turn,1,F
T_JOL D,56,1,2,Windshield - Car,100,Windsield - ?,car,1,F
T_JOL D,56,1,3,Villain - Bad,100,Villian - ?,bad,1,F
T_JOL D,56,1,4,Penguin - Bird,50,Penguin - ?,bird,1,F
T_JOL D,56,1,5,Actress - Star,100,Actress - ?,star,1,F
T_JOL D,56,1,6,Thimble - Thread,50,Thimble - ?,thread,1,F
T_JOL D,56,1,7,Revenge - Even,50,Revenge - ?,even,1,F
T_JOL D,56,1,8,Balloon - Pop,100,Balloon - ?,pop,1,F
T_JOL D,56,1,9,Strawberry - Fruit,100,Strawberry - ?,fruit,1,F
T_JOL D,56,1,10,Favorite - Best,80,Favorite - ?,,0,F
T_JOL D,56,1,11,Panther - Cat,100,Panther - ?,cat,1,F
T_JOL D,56,1,12,Breakable - Glass,50,Breakable - ?,glass,1,F
T_JOL D,56,1,13,Coffin - Dead,100,Coffin - ?,death,0,F
T_JOL D,56,1,14,Aircraft - Plane,100,Aircraft - ?,plane,1,F
T_JOL D,56,1,15,Sardine - Fish,80,Sardine - ?,fish,1,F
T_JOL D,56,1,16,League - Baseball,90,League - ?,baseball,1,F
T_JOL D,56,1,17,Banker - Money,100,Banker - ?,money,1,F
T_JOL D,56,1,18,Truthful - Honest,100,Truthful - ?,honest,1,F
T_JOL D,56,1,19,Nap - Sleep,100,Nap - ?,sleep,1,F
T_JOL D,56,1,20,Brawl - Fight,90,Brawl - ?,fight,1,F
T_JOL D,56,1,21,Long - Extension,60,Long - ?,,0,B
T_JOL D,56,1,22,Game - Clue,70,Game - ?,competition,0,B
T_JOL D,56,1,23,Tie - Shoelace,90,Tie - ?,,0,B
T_JOL D,56,1,24,Mystery - Detective,90,Mystery - ?,detective,1,B
T_JOL D,56,1,25,End - Adjourn,20,End - ?,,0,B
T_JOL D,56,1,26,Dog - Furry,60,Dog - ?,furry,1,B
T_JOL D,56,1,27,Trash - Litter,10,Trash - ?,litter,1,B
T_JOL D,56,1,28,Red - Cherry,90,Red - ?,cherry,1,B
T_JOL D,56,1,29,Head - Scalp,100,Head - ?,scalp,1,B
T_JOL D,56,1,30,Car - Driver,10,Car - ?,driver,1,B
T_JOL D,56,1,31,Cut - Chop,90,Cut - ?,chop,1,B
T_JOL D,56,1,32,Donkey - Mule,100,Donkey - ?,mule,1,B
T_JOL D,56,1,33,Paper - Document,90,Paper - ?,document,1,B
T_JOL D,56,1,34,Smell - Incense,20,Smell - ?,incense,1,B
T_JOL D,56,1,35,Eat - Dine,100,Eat - ?,dine,1,B
T_JOL D,56,1,36,Scissors - Shears,40,Scissors - ?,,0,B
T_JOL D,56,1,37,Fight - Feud,20,Fight - ?,brawl,0,B
T_JOL D,56,1,38,Plant - Cactus,100,Plant - ?,cactus,1,B
T_JOL D,56,1,39,Cold - Chill,100,Cold - ?,chilly,1,B
T_JOL D,56,1,40,Love - Affection,100,Love - ?,affection,1,B
T_JOL D,56,1,41,Shave - Razor,100,Shave - ?,,0,S
T_JOL D,56,1,42,Equal - Rights,100,Equal - ?,rigts,1,S
T_JOL D,56,1,43,Jar - Mason,100,Jar - ?,mason,1,S
T_JOL D,56,1,44,Wax - Candle,100,Wax - ?,candle,1,S
T_JOL D,56,1,45,Bracelet - Wrist,100,Bracelet - ?,wrist,1,S
T_JOL D,56,1,46,Carbon - Element,100,Carbon - ?,element,1,S
T_JOL D,56,1,47,Away - Gone,100,Away - ?,gone,1,S
T_JOL D,56,1,48,Drink - Water,100,Drink - ?,water,1,S
T_JOL D,56,1,49,Ground - Earth,100,Ground - ?,earthj,1,S
T_JOL D,56,1,50,Lonely - Alone,100,Lonely - ?,alone,1,S
T_JOL D,56,1,51,Seatbelt - Safety,100,Seatbelt - ?,safety,1,S
T_JOL D,56,1,52,Lie - Truth,100,Lie - ?,truth,1,S
T_JOL D,56,1,53,Communication - Phone,90,Communication - ?,phone,1,S
T_JOL D,56,1,54,Reel - Rod,50,Reel - ?,rod,1,S
T_JOL D,56,1,55,Tick - Flea,100,Tick - ?,flea,1,S
T_JOL D,56,1,56,Noise - Loud,100,Noise - ?,loud,1,S
T_JOL D,56,1,57,Have - Own,100,Have - ?,own,1,S
T_JOL D,56,1,58,Temper - Tantrum,100,Temper - ?,tantrum,1,S
T_JOL D,56,1,59,Tan - Sun,100,Tan - ?,sun,1,S
T_JOL D,56,1,60,Maroon - Justice,0,Maroon - ?,,0,U
T_JOL D,56,1,61,Cloth - Stretch,50,Cloth - ?,,0,U
T_JOL D,56,1,62,Election - Maze,0,Election - ?,,0,U
T_JOL D,56,1,63,Charm - Vehicle,20,Charm - ?,,0,U
T_JOL D,56,1,64,Obtain - Meat,10,Obtain - ?,,0,U
T_JOL D,56,1,65,Able - Crackle,,Able - ?,,0,U
T_JOL D,56,1,66,Shake - Shell,20,Shake - ?,,0,U
T_JOL D,56,1,67,Fiction - Listen,0,Fiction - ?,,0,U
T_JOL D,56,1,68,Joke - Keys,0,Joke - ?,,0,U
T_JOL D,56,1,69,Hate - Name,0,Hate - ?,love,0,U
T_JOL D,56,1,70,Bang - Fuzzy,0,Clear - ?,,0,U
T_JOL D,56,1,71,Clear - Moat,0,Wet - ?,dry,0,U
T_JOL D,56,1,72,Wet - Dry,100,Bang - ?,,0,S
T_JOL D,56,1,73,Steak - Give,20,Steak - ?,,0,U
T_JOL D,56,1,74,Clothes - Cake,0,Clothes - ?,,0,U
T_JOL D,56,1,75,Toil - Lease,0,Toil - ?,,0,U
T_JOL D,56,1,76,Sign - Loan,10,Sign - ?,loan,1,U
T_JOL D,56,1,77,Ounce - Both,20,Ounce - ?,bounce,0,U
T_JOL D,56,1,78,Morning - Temperature,0,Morning - ?,temperature,1,U
T_JOL D,56,1,79,Children - Mirror,0,Children - ?,mirror,1,U
T_JOL D,56,1,80,Main - Scar,30,Main - ?,,0,U
JOL A,57,1,1,Delinquent - Bad,40,Delinquent - ?,bad,1,F
JOL A,57,1,2,Digestion - Stomach,79,Digestion - ?,stomach,1,F
JOL A,57,1,3,Wage - Money,40,Wage - ?,money,1,F
JOL A,57,1,4,Chisel - Hammer,23,Chisel - ?,hammer,1,F
JOL A,57,1,5,Editor - News,32,Editor - ?,news,1,F
JOL A,57,1,6,Hornet - Sting,97,Hornet - ?,sting,1,F
JOL A,57,1,7,Bitter - Cold,45,Bitter - ?,sweet,0,F
JOL A,57,1,8,Root - Plant,1,Root - ?,tree,0,F
JOL A,57,1,9,Swan - Bird,1,Swan - ?,hornet,0,F
JOL A,57,1,10,Paw - Dog,60,Paw - ?,dog,1,F
JOL A,57,1,11,Way - Out,40,Way - ?,out,1,F
JOL A,57,1,12,Hygiene - Clean,92,Hygiene - ?,clean,1,F
JOL A,57,1,13,Bridge - Water,30,Bridge - ?,,0,F
JOL A,57,1,14,Geology - Rock,23,Geology - ?,rock,1,F
JOL A,57,1,15,Revolution - War,12,Revolution - ?,war,1,F
JOL A,57,1,16,Discussion - Talk,45,Discussion - ?,talk,1,F
JOL A,57,1,17,Herd - Cow,70,Herd - ?,cow,1,F
JOL A,57,1,18,Credit - Card,99,Credit - ?,card,1,F
JOL A,57,1,19,Orchid - Flower,50,Orchid - ?,flower,1,F
JOL A,57,1,20,Tuna -  Fish,99,Tuna - ?,fish,1,F
JOL A,57,1,21,Full - Enough,23,Full - ?,enough,1,F
JOL A,57,1,22,Drink - Sip,78,Drink - ?,thrist,0,B
JOL A,57,1,23,Dark - Cave,23,Dark - ?,cave,1,B
JOL A,57,1,24,Take - Seize,1,Take - ?,steal,0,B
JOL A,57,1,25,Height - Growth,70,Height - ?,growth,1,B
JOL A,57,1,26,Sentence - Word,43,Sentence - ?,word,1,B
JOL A,57,1,27,Bug - Wasp,31,Bug - ?,hornet,0,B
JOL A,57,1,28,Math - Division,30,Math - ?,problem,0,B
JOL A,57,1,29,Law - Attorney,51,Law - ?,attorney,1,B
JOL A,57,1,30,Great - Fantastic,89,Great - ?,happy,0,B
JOL A,57,1,31,Key - Latch,12,Key - ?,latch,1,B
JOL A,57,1,32,Hot - Chili,90,Hot - ?,coffee,0,B
JOL A,57,1,33,Ball - Racket,34,Ball - ?,basket,0,B
JOL A,57,1,34,Work - Chore,40,Work - ?,bad,0,B
JOL A,57,1,35,Hunger - Famine,67,Hunger - ?,food,0,B
JOL A,57,1,36,Sleep - Drowsy,80,Sleep - ?,bed,0,B
JOL A,57,1,37,Smell - Stench,21,Smell - ?,gross,0,B
JOL A,57,1,38,Clothes - Attire,26,Clothes - ?,atricle,0,B
JOL A,57,1,39,Plane - Pilot,90,Plane - ?,pilot,1,B
JOL A,57,1,40,Fire - Blaze,30,Fire - ?,blaze,1,B
JOL A,57,1,41,Due - Assignment,99,Due - ?,assignment,1,S
JOL A,57,1,42,Number - Amount,2,Number - ?,math,0,S
JOL A,57,1,43,Location - Site,40,Location - ?,site,1,S
JOL A,57,1,44,Dump - Waste,10,Dump - ?,truck,0,S
JOL A,57,1,45,Trial - Jury,80,Trial - ?,jury,1,S
JOL A,57,1,46,Architecture - Design,96,Architecture - ?,design,1,S
JOL A,57,1,47,Grill -Bar,90,Grill - ?,bar,1,S
JOL A,57,1,48,Kidney - Liver,40,Kidney - ?,liver,1,S
JOL A,57,1,49,Begin - End,96,Begin - ?,end,1,S
JOL A,57,1,50,Blow - Wind,60,Blow - ?,wind,1,S
JOL A,57,1,51,Pop - Soda,99,Pop - ?,soda,1,S
JOL A,57,1,52,Wine - Cheese,100,Wine - ?,cheese,1,S
JOL A,57,1,53,Bathroom - Toilet,37,Bathroom - ?,toilet,1,S
JOL A,57,1,54,Choice - Decision,24,Choice - ?,given,0,S
JOL A,57,1,55,Shoe - Foot,6,Shoe - ?,foot,1,S
JOL A,57,1,56,Past - Future,95,Meaning - ?,difintion,0,S
JOL A,57,1,57,Lettuce - Salad,46,Lettuce - ?,salad,1,S
JOL A,57,1,58,Honey - Bee,99,Honey - ?,bee,1,S
JOL A,57,1,59,Baby - Child,54,Baby - ?,child,1,S
JOL A,57,1,60,Circle - Round,90,Circle - ?,round,1,S
JOL A,57,1,61,Pusher - Clutter,12,Pusher - ?,pull,0,S
JOL A,57,1,62,Dietary - Sacking,12,Dietary - ?,food,0,U
JOL A,57,1,63,Park - Hungry,1,Park - ?,way,0,U
JOL A,57,1,64,Lift - Woman,12,Lift - ?,women,1,U
JOL A,57,1,65,Soon - Belt,9,Soon - ?,later,0,U
JOL A,57,1,66,Discover - Floor,2,Discover - ?,find,0,U
JOL A,57,1,67,Death - Business,1,Death - ?,valley,0,U
JOL A,57,1,68,Debate - Sight,3,Debate - ?,disscusion,0,U
JOL A,57,1,69,Artery - Bronze,1,Artery - ?,bronze,1,U
JOL A,57,1,70,Fix - Hand,1,Fix - ?,it,0,U
JOL A,57,1,71,Machine - Position,12,Machine - ?,work,0,U
JOL A,57,1,72,Happy - Car,2,Happy - ?,excited,0,U
JOL A,57,1,73,Allow - Tuck,1,Allow - ?,,0,U
JOL A,57,1,74,Art - Lion,1,Art - ?,supplies,0,U
JOL A,57,1,75,Strong - Accident,10,Strong - ?,stronhg,0,U
JOL A,57,1,76,Sugar - Riddle,1,Sugar - ?,salt,0,U
JOL A,57,1,77,Valley - Add,1,Valley - ?,mountain,0,U
JOL A,57,1,78,Cash - Would,1,Cash - ?,money,0,U
JOL A,57,1,79,Hide - Sick,23,Hide - ?,seek,0,U
JOL A,57,1,80,King - Vase,1,King - ?,vase,1,U
T_JOL B,58,1,1,Extension - Long,30,Extension - ?,longer,1,F
T_JOL B,58,1,2,Clue - Game,50,Clue - ?,game,1,F
T_JOL B,58,1,3,Cactus - Plant,100,Cactus - ?,plant,1,F
T_JOL B,58,1,4,Shoelace - Tie,100,Shoelace - ?,tie,1,F
T_JOL B,58,1,5,Detective - Mystery,100,Detective - ?,sherlock,0,F
T_JOL B,58,1,6,Adjourn - End,100,Adjourn - ?,end,1,F
T_JOL B,58,1,7,Furry - Dog,100,Furry - ?,dog,1,F
T_JOL B,58,1,8,Litter - Trash,100,Litter - ?,trash,1,F
T_JOL B,58,1,9,Cherry - Red,100,Cherry - ?,red,1,F
T_JOL B,58,1,10,Scalp - Head,50,Scalp - ?,head,1,F
T_JOL B,58,1,11,Driver - Car,100,Driver - ?,car,1,F
T_JOL B,58,1,12,Chop - Cut,100,Chop - ?,cut,1,F
T_JOL B,58,1,13,Mule - Donkey,100,Mule - ?,donkey,1,F
T_JOL B,58,1,14,Document - Paper,100,Document - ?,paper,1,F
T_JOL B,58,1,15,Incense - Smell,100,Incense - ?,smell,1,F
T_JOL B,58,1,16,Dine - Eat,100,Dine - ?,dinner,0,F
T_JOL B,58,1,17,Shears - Scissors,100,Shears - ?,scissors,1,F
T_JOL B,58,1,18,Feud - Fight,100,Feud - ?,brawl,0,F
T_JOL B,58,1,19,Chill - Cold,100,Chill - ?,cold,1,F
T_JOL B,58,1,20,Affection - Love,100,Affection - ?,love,1,F
T_JOL B,58,1,21,Turn - Flip,20,Turn - ?,direction,0,B
T_JOL B,58,1,22,Car - Windshield,100,Car - ?,automobile,0,B
T_JOL B,58,1,23,Bad - Villain,100,Bad - ?,villian,1,B
T_JOL B,58,1,24,Bird - Penguin,100,Bird - ?,tree,0,B
T_JOL B,58,1,25,Star - Actress,50,Star - ?,actress,1,B
T_JOL B,58,1,26,Thread - Thimble,60,Thread - ?,thimble,1,B
T_JOL B,58,1,27,Even - Revenge,20,Even - ?,odd,0,B
T_JOL B,58,1,28,Pop - Balloon,100,Pop - ?,balloon,1,B
T_JOL B,58,1,29,Fruit - Strawberry,100,Fruit - ?,strawberry,1,B
T_JOL B,58,1,30,Best - Favorite,75,Best - ?,favorite,1,B
T_JOL B,58,1,31,Cat - Panther,100,Cat - ?,panther,1,B
T_JOL B,58,1,32,Glass - Breakable,100,Glass - ?,breakable,1,B
T_JOL B,58,1,33,Dead - Coffin,100,Dead - ?,coffin,1,B
T_JOL B,58,1,34,Plane - Aircraft,100,Plane - ?,aircraft,1,B
T_JOL B,58,1,35,Fish - Sardine,100,Fish - ?,goldfish,0,B
T_JOL B,58,1,36,Baseball - League,100,Baseball - ?,league,1,B
T_JOL B,58,1,37,Money - Banker,100,Money - ?,banker,1,B
T_JOL B,58,1,38,Honest - Truthful,100,Honest - ?,truthful,1,B
T_JOL B,58,1,39,Sleep - Nap,100,Sleep - ?,nap,1,B
T_JOL B,58,1,40,Fight - Brawl,100,Fight - ?,brawl,1,B
T_JOL B,58,1,41,Razor - Shave,100,Razor - ?,sharp,0,S
T_JOL B,58,1,42,Rights - Equal,50,Rights - ?,equal,1,S
T_JOL B,58,1,43,Mason - Jar,75,Mason - ?,jar,1,S
T_JOL B,58,1,44,Candle - Wax,90,Candle - ?,wax,1,S
T_JOL B,58,1,45,Wrist - Bracelet,100,Wrist - ?,bracelet,1,S
T_JOL B,58,1,46,Element - Carbon,100,Element - ?,carbon,1,S
T_JOL B,58,1,47,Gone - Away,50,Gone - ?,away,1,S
T_JOL B,58,1,48,Water - Drink,100,Water,h2o,0,S
T_JOL B,58,1,49,Earth - Ground,100,Earth - ?,ground,1,S
T_JOL B,58,1,50,Alone - Lonely,100,Alone - ?,lonely,1,S
T_JOL B,58,1,51,Dry - Wet,100,Dry - ?,wet,1,S
T_JOL B,58,1,52,Safety - Seatbelt,50,Safety - ?,pin,0,S
T_JOL B,58,1,53,Truth - Lie,100,Truth - ?,lie,1,S
T_JOL B,58,1,54,Phone - Communication,100,Phone - ?,call,0,S
T_JOL B,58,1,55,Rod - Reel,100,Rod - ?,fishing,0,S
T_JOL B,58,1,56,Flea - Tick,100,Flea - ?,tick,1,S
T_JOL B,58,1,57,Loud - Noise,100,Loud - ?,quiet,0,S
T_JOL B,58,1,58,Own - Have,0,Own - ?,mine,0,S
T_JOL B,58,1,59,Tantrum - Temper,100,Tantrum - ?,fit,0,S
T_JOL B,58,1,60,Sun - Tan,100,Sun - ?,hot,0,U
T_JOL B,58,1,61,Justice - Maroon,50,Justice - ?,fair,0,U
T_JOL B,58,1,62,Stretch - Cloth,100,Stretch - ?,able,0,U
T_JOL B,58,1,63,Give - Steak,20,Give - ?,take,0,U
T_JOL B,58,1,64,Maze - Election,10,Maze - ?,,0,U
T_JOL B,58,1,65,Meat - Obtain,30,Meat - ?,steak,0,U
T_JOL B,58,1,66,Crackle - Able,29,Crackle - ?,fire,0,U
T_JOL B,58,1,67,Shell - Snake,20,Shell - ?,,0,U
T_JOL B,58,1,68,Listen - Fiction,20,Listen - ?,speak,0,U
T_JOL B,58,1,69,Keys - Joke,20,Keys - ?,lost,0,U
T_JOL B,58,1,70,Cake - Clothes,,Cake - ?,chocolate,0,U
T_JOL B,58,1,71,Name - Hate,50,Name - ?,john,0,U
T_JOL B,58,1,72,Fuzzy - Bang,0,Fuzzy - ?,pillow,0,S
T_JOL B,58,1,73,Moat - Clear,40,Moat - ?,clean,0,U
T_JOL B,58,1,74,Lease - Toil,20,Lease - ?,sign,0,U
T_JOL B,58,1,75,Loan - Sign,20,Loan - ?,money,0,U
T_JOL B,58,1,76,Both - Ounce,40,Both - ?,all,0,U
T_JOL B,58,1,77,Temperature - Morning,30,Temperature - ?,morning,1,U
T_JOL B,58,1,78,Mirror - Children,50,Mirror - ?,children,1,U
T_JOL B,58,1,79,Main - Scar,20,Main - ?,event,0,U
T_JOL B,58,1,80,Charm - Vehicle,10,Charm - ?,entice,0,U
T_JOL C,59,1,1,Enough - Full,50,Enough - ?,good,0,F
T_JOL C,59,1,2,Sip - Drink,75,Sip - ?,drink,1,F
T_JOL C,59,1,3,Cave - Dark,75,Cave - ?,dark,1,F
T_JOL C,59,1,4,Seize - Take,75,Seize - ?,stop,0,F
T_JOL C,59,1,5,Growth - Height,85,Growth - ?,tall,0,F
T_JOL C,59,1,6,Word - Sentence,100,Word - ?,sentence,1,F
T_JOL C,59,1,7,Wasp - Bug,85,Wasp - ?,bee,0,F
T_JOL C,59,1,8,Division - Math,85,Division - ?,math,1,F
T_JOL C,59,1,9,Attorney - Law,75,Attorney - ?,law,1,F
T_JOL C,59,1,10,Fantastic - Great,85,Fantastic - ?,great,1,F
T_JOL C,59,1,11,Latch - Key,75,Latch - ?,key,1,F
T_JOL C,59,1,12,Chili - Hot,75,Chili - ?,hot,1,F
T_JOL C,59,1,13,Racket - Ball,75,Racket - ?,tennis,0,F
T_JOL C,59,1,14,Chore - Work,100,Chore - ?,work,1,F
T_JOL C,59,1,15,Famine - Hunger,75,Famine - ?,hunger,1,F
T_JOL C,59,1,16,Drowsy - Sleep,85,Drowsy - ?,sleep,1,F
T_JOL C,59,1,17,Stench - Smell,80,Stench - ?,smell,1,F
T_JOL C,59,1,18,Attire - Clothes,75,Attire - ?,wardrobe,0,F
T_JOL C,59,1,19,Pilot - Plane,75,Pilot - ?,plane,1,F
T_JOL C,59,1,20,Blaze - Fire,75,Blaze - ?,fire,1,F
T_JOL C,59,1,21,Bad - Delinquent,25,Bad - ?,good,0,B
T_JOL C,59,1,22,Stomach - Digestion,50,Stomach - ?,hungry,0,B
T_JOL C,59,1,23,Money - Wage,80,Money - ?,green,0,B
T_JOL C,59,1,24,News - Editor,75,News - ?,paper,0,B
T_JOL C,59,1,25,Sting - Hornet,85,Sting - ?,bee,0,B
T_JOL C,59,1,26,Cold - Bitter,50,Cold - ?,snow,0,B
T_JOL C,59,1,27,Plant - Root,80,Plant - ?,seed,0,B
T_JOL C,59,1,28,Bird - Swan,90,Bird - ?,fly,0,B
T_JOL C,59,1,29,Dog - Paw,75,Dog - ?,bark,0,B
T_JOL C,59,1,30,Out - Way,50,Out - ?,in,0,B
T_JOL C,59,1,31,Clean - Hygiene,90,Clean - ?,dirty,0,B
T_JOL C,59,1,32,Water - Bridge,85,Water- ?,wet,0,B
T_JOL C,59,1,33,Rock - Geology,75,Rock - ?,hard,0,B
T_JOL C,59,1,34,War - Revolution,90,War - ?,attack,0,B
T_JOL C,59,1,35,Talk - Discussion,90,Talk - ?,conversation,0,B
T_JOL C,59,1,36,Cow - Herd,80,Cow - ?,herd,1,B
T_JOL C,59,1,37,Card - Credit,75,Card - ?,,0,B
T_JOL C,59,1,38,Flower - Orchid,75,Flower - ?,ochid,1,B
T_JOL C,59,1,39,Fish - Tuna,90,Fish - ?,trout,0,B
T_JOL C,59,1,40,Hammer - Chisel,5,Hammer - ?,hit,0,S
T_JOL C,59,1,41,Assignment - Due,0,Assignment - ?,due,1,S
T_JOL C,59,1,42,Amount - Number,100,Amount - ?,money,0,S
T_JOL C,59,1,43,Site - Location,80,Site - ?,see,0,S
T_JOL C,59,1,44,Waste - Dump,80,Waste - ?,trash,0,S
T_JOL C,59,1,45,Jury - Trial,80,Jury - ?,court,0,S
T_JOL C,59,1,46,Design - Architecture,85,Design - ?,draw,0,S
T_JOL C,59,1,47,Bar - Grill,75,Bar - ?,,0,S
T_JOL C,59,1,48,Liver - Kidney,85,Liver - ?,kidney,1,S
T_JOL C,59,1,49,End - Begin,90,End - ?,begin,1,S
T_JOL C,59,1,50,Wind - Blow,85,Wind - ?,blow,1,S
T_JOL C,59,1,51,Soda - Pop,90,Soda - ?,pop,1,S
T_JOL C,59,1,52,Cheese - Wine,75,Cheese - ?,wine,1,S
T_JOL C,59,1,53,Toilet - Bathroom,80,Toilet - ?,paper,0,S
T_JOL C,59,1,54,Decision - Choice,100,Decision - ?,choice,1,S
T_JOL C,59,1,55,Foot - Shoe,90,Foot - ?,shoe,1,S
T_JOL C,59,1,56,Future - Past,90,Future - ?,past,1,S
T_JOL C,59,1,57,Salad - Lettuce,80,Salad - ?,green,0,S
T_JOL C,59,1,58,Bee - Honey,85,Bee - ?,hive,0,S
T_JOL C,59,1,59,Child - Baby,90,Child - ?,baby,1,S
T_JOL C,59,1,60,Round - Circle,85,Round - ?,ball,0,S
T_JOL C,59,1,61,Clutter - Pusher,25,Clutter - ?,,0,U
T_JOL C,59,1,62,Sacking - Dietary,25,Sacking - ?,,0,U
T_JOL C,59,1,63,Hungry - Park,25,Hungry - ?,thirsty,0,U
T_JOL C,59,1,64,Woman - Lift,25,Woman - ?,lift,1,U
T_JOL C,59,1,65,Belt - Soon,20,Belt - ?,around,0,U
T_JOL C,59,1,66,Floor - Discover,25,Floor - ?,ground,0,U
T_JOL C,59,1,67,Business - Death,5,Business - ?,,0,U
T_JOL C,59,1,68,Sight - Debate,50,Sight - ?,see,0,U
T_JOL C,59,1,69,Bronze - Artery,20,Bronze - ?,blaze,0,U
T_JOL C,59,1,70,Hand - Fix,85,Hand - ?,grab,0,U
T_JOL C,59,1,71,Position - Machine,20,Position - ?,plac,0,U
T_JOL C,59,1,72,Car - Happy,80,Car - ?,happy,1,U
T_JOL C,59,1,73,Tuck - Allow,25,Tuck - ?,ball,0,U
T_JOL C,59,1,74,Lion - Art,5,Lion - ?,cat,0,U
T_JOL C,59,1,75,Accident - Strong,25,Accident - ?,pain,0,U
T_JOL C,59,1,76,Riddle - Sugar,25,Riddle - ?,rhyme,0,U
T_JOL C,59,1,77,Add - Valley,10,Add - ?,subtract,0,U
T_JOL C,59,1,78,Would - Cash,25,Would - ?,,0,U
T_JOL C,59,1,79,Sick - Hide,25,Sick - ?,cough,0,U
T_JOL C,59,1,80,Vase - King,25,Vase - ?,flower,0,U
T_JOL D,60,1,1,Flip - Turn,100,Flip - ?,turn,1,F
T_JOL D,60,1,2,Windshield - Car,100,Windsield - ?,car,1,F
T_JOL D,60,1,3,Villain - Bad,100,Villian - ?,bad,1,F
T_JOL D,60,1,4,Penguin - Bird,0,Penguin - ?,,0,F
T_JOL D,60,1,5,Actress - Star,50,Actress - ?,star,1,F
T_JOL D,60,1,6,Thimble - Thread,20,Thimble - ?,,0,F
T_JOL D,60,1,7,Revenge - Even,10,Revenge - ?,even,1,F
T_JOL D,60,1,8,Balloon - Pop,75,Balloon - ?,pop,1,F
T_JOL D,60,1,9,Strawberry - Fruit,50,Strawberry - ?,fruit,1,F
T_JOL D,60,1,10,Favorite - Best,75,Favorite - ?,best,1,F
T_JOL D,60,1,11,Panther - Cat,50,Panther - ?,cat,1,F
T_JOL D,60,1,12,Breakable - Glass,50,Breakable - ?,glass,1,F
T_JOL D,60,1,13,Coffin - Dead,100,Coffin - ?,dead,1,F
T_JOL D,60,1,14,Aircraft - Plane,7,Aircraft - ?,plane,1,F
T_JOL D,60,1,15,Sardine - Fish,30,Sardine - ?,fish,1,F
T_JOL D,60,1,16,League - Baseball,100,League - ?,baseball,1,F
T_JOL D,60,1,17,Banker - Money,0,Banker - ?,,0,F
T_JOL D,60,1,18,Truthful - Honest,100,Truthful - ?,honest,1,F
T_JOL D,60,1,19,Nap - Sleep,100,Nap - ?,time,0,F
T_JOL D,60,1,20,Brawl - Fight,100,Brawl - ?,fight,1,F
T_JOL D,60,1,21,Long - Extension,50,Long - ?,,0,B
T_JOL D,60,1,22,Game - Clue,50,Game - ?,console,0,B
T_JOL D,60,1,23,Tie - Shoelace,50,Tie - ?,shoe,0,B
T_JOL D,60,1,24,Mystery - Detective,50,Mystery - ?,solve,0,B
T_JOL D,60,1,25,End - Adjourn,0,End - ?,,0,B
T_JOL D,60,1,26,Dog - Furry,50,Dog - ?,food,0,B
T_JOL D,60,1,27,Trash - Litter,5,Trash - ?,can,0,B
T_JOL D,60,1,28,Red - Cherry,50,Red - ?,cherry,1,B
T_JOL D,60,1,29,Head - Scalp,50,Head - ?,scalp,1,B
T_JOL D,60,1,30,Car - Driver,100,Car - ?,windshield,0,B
T_JOL D,60,1,31,Cut - Chop,50,Cut - ?,knife,0,B
T_JOL D,60,1,32,Donkey - Mule,60,Donkey - ?,mule,1,B
T_JOL D,60,1,33,Paper - Document,40,Paper - ?,cut,0,B
T_JOL D,60,1,34,Smell - Incense,25,Smell - ?,sense,0,B
T_JOL D,60,1,35,Eat - Dine,100,Eat - ?,,0,B
T_JOL D,60,1,36,Scissors - Shears,25,Scissors - ?,cut,0,B
T_JOL D,60,1,37,Fight - Feud,95,Fight - ?,brawl,0,B
T_JOL D,60,1,38,Plant - Cactus,50,Plant - ?,tree,0,B
T_JOL D,60,1,39,Cold - Chill,50,Cold - ?,chilly,1,B
T_JOL D,60,1,40,Love - Affection,100,Love - ?,affection,1,B
T_JOL D,60,1,41,Shave - Razor,75,Shave - ?,razor,1,S
T_JOL D,60,1,42,Equal - Rights,100,Equal - ?,rights,1,S
T_JOL D,60,1,43,Jar - Mason,50,Jar - ?,mason,1,S
T_JOL D,60,1,44,Wax - Candle,50,Wax - ?,candle,1,S
T_JOL D,60,1,45,Bracelet - Wrist,50,Bracelet - ?,wrist,1,S
T_JOL D,60,1,46,Carbon - Element,50,Carbon - ?,element,1,S
T_JOL D,60,1,47,Away - Gone,100,Away - ?,gone,1,S
T_JOL D,60,1,48,Drink - Water,100,Drink - ?,water,1,S
T_JOL D,60,1,49,Ground - Earth,100,Ground - ?,,0,S
T_JOL D,60,1,50,Lonely - Alone,100,Lonely - ?,alone,1,S
T_JOL D,60,1,51,Seatbelt - Safety,50,Seatbelt - ?,safety,1,S
T_JOL D,60,1,52,Lie - Truth,100,Lie - ?,,0,S
T_JOL D,60,1,53,Communication - Phone,100,Communication - ?,talk,0,S
T_JOL D,60,1,54,Reel - Rod,0,Reel - ?,,0,S
T_JOL D,60,1,55,Tick - Flea,50,Tick - ?,tock,0,S
T_JOL D,60,1,56,Noise - Loud,100,Noise - ?,loud,1,S
T_JOL D,60,1,57,Have - Own,0,Have - ?,,0,S
T_JOL D,60,1,58,Temper - Tantrum,100,Temper - ?,tantrum,1,S
T_JOL D,60,1,59,Tan - Sun,100,Tan - ?,sun,1,S
T_JOL D,60,1,60,Maroon - Justice,0,Maroon - ?,,0,U
T_JOL D,60,1,61,Cloth - Stretch,20,Cloth - ?,stretch,1,U
T_JOL D,60,1,62,Election - Maze,5,Election - ?,,0,U
T_JOL D,60,1,63,Charm - Vehicle,20,Charm - ?,bracelet,0,U
T_JOL D,60,1,64,Obtain - Meat,10,Obtain - ?,,0,U
T_JOL D,60,1,65,Able - Crackle,0,Able - ?,,0,U
T_JOL D,60,1,66,Shake - Shell,10,Shake - ?,milk,0,U
T_JOL D,60,1,67,Fiction - Listen,0,Fiction - ?,fact,0,U
T_JOL D,60,1,68,Joke - Keys,0,Joke - ?,,0,U
T_JOL D,60,1,69,Hate - Name,0,Hate - ?,,0,U
T_JOL D,60,1,70,Bang - Fuzzy,,Clear - ?,,0,U
T_JOL D,60,1,71,Clear - Moat,0,Wet - ?,dry,0,S
T_JOL D,60,1,72,Wet - Dry,50,Bang - ?,,0,U
T_JOL D,60,1,73,Steak - Give,20,Steak - ?,,0,U
T_JOL D,60,1,74,Clothes - Cake,0,Clothes - ?,,0,U
T_JOL D,60,1,75,Toil - Lease,5,Toil - ?,,0,U
T_JOL D,60,1,76,Sign - Loan,5,Sign - ?,language,0,U
T_JOL D,60,1,77,Ounce - Both,5,Ounce - ?,liter,0,U
T_JOL D,60,1,78,Morning - Temperature,25,Morning - ?,breakfast,0,U
T_JOL D,60,1,79,Children - Mirror,10,Children - ?,play,0,U
T_JOL D,60,1,80,Main - Scar,0,Main - ?,,0,U
JOL A,61,1,1,Delinquent - Bad,100,Delinquent - ?,minor,0,F
JOL A,61,1,2,Digestion - Stomach,100,Digestion - ?,stomach,1,F
JOL A,61,1,3,Wage - Money,50,Wage - ?,money,1,F
JOL A,61,1,4,Chisel - Hammer,1,Chisel - ?,hammer,1,F
JOL A,61,1,5,Editor - News,100,Editor - ?,news,1,F
JOL A,61,1,6,Hornet - Sting,100,Hornet - ?,sting,1,F
JOL A,61,1,7,Bitter - Cold,50,Bitter - ?,cold,1,F
JOL A,61,1,8,Root - Plant,10,Root - ?,flower,0,F
JOL A,61,1,9,Swan - Bird,100,Swan - ?,bird,1,F
JOL A,61,1,10,Paw - Dog,100,Paw - ?,dog,1,F
JOL A,61,1,11,Way - Out,100,Way - ?,,0,F
JOL A,61,1,12,Hygiene - Clean,100,Hygiene - ?,clean,1,F
JOL A,61,1,13,Bridge - Water,50,Bridge - ?,water,1,F
JOL A,61,1,14,Geology - Rock,100,Geology - ?,rock,1,F
JOL A,61,1,15,Revolution - War,100,Revolution - ?,war,1,F
JOL A,61,1,16,Discussion - Talk,100,Discussion - ?,talk,1,F
JOL A,61,1,17,Herd - Cow,100,Herd - ?,cow,1,F
JOL A,61,1,18,Credit - Card,100,Credit - ?,card,1,F
JOL A,61,1,19,Orchid - Flower,100,Orchid - ?,flower,1,F
JOL A,61,1,20,Tuna -  Fish,200,Tuna - ?,fish,1,F
JOL A,61,1,21,Full - Enough,35,Full - ?,,0,F
JOL A,61,1,22,Drink - Sip,38,Drink - ?,,0,B
JOL A,61,1,23,Dark - Cave,100,Dark - ?,cave,1,B
JOL A,61,1,24,Take - Seize,20,Take - ?,grab,0,B
JOL A,61,1,25,Height - Growth,100,Height - ?,growth,1,B
JOL A,61,1,26,Sentence - Word,18,Sentence - ?,word,1,B
JOL A,61,1,27,Bug - Wasp,15,Bug - ?,,0,B
JOL A,61,1,28,Math - Division,100,Math - ?,,0,B
JOL A,61,1,29,Law - Attorney,100,Law - ?,attorney,1,B
JOL A,61,1,30,Great - Fantastic,,Great - ?,awesome,0,B
JOL A,61,1,31,Key - Latch,100,Key - ?,latch,1,B
JOL A,61,1,32,Hot - Chili,65,Hot - ?,cold,0,B
JOL A,61,1,33,Ball - Racket,25,Ball - ?,catcher,0,B
JOL A,61,1,34,Work - Chore,100,Work - ?,chore,1,B
JOL A,61,1,35,Hunger - Famine,59,Hunger - ?,,0,B
JOL A,61,1,36,Sleep - Drowsy,100,Sleep - ?,awake,0,B
JOL A,61,1,37,Smell - Stench,50,Smell - ?,stench,1,B
JOL A,61,1,38,Clothes - Attire,100,Clothes - ?,shoes,0,B
JOL A,61,1,39,Plane - Pilot,80,Plane - ?,pilot,1,B
JOL A,61,1,40,Fire - Blaze,100,Fire - ?,blaze,1,B
JOL A,61,1,41,Due - Assignment,100,Due - ?,assignment,1,S
JOL A,61,1,42,Number - Amount,100,Number - ?,,0,S
JOL A,61,1,43,Location - Site,100,Location - ?,,0,S
JOL A,61,1,44,Dump - Waste,100,Dump - ?,,0,S
JOL A,61,1,45,Trial - Jury,60,Trial - ?,,0,S
JOL A,61,1,46,Architecture - Design,100,Architecture - ?,building,0,S
JOL A,61,1,47,Grill -Bar,100,Grill - ?,bar,1,S
JOL A,61,1,48,Kidney - Liver,19,Kidney - ?,liver,1,S
JOL A,61,1,49,Begin - End,100,Begin - ?,end,1,S
JOL A,61,1,50,Blow - Wind,100,Blow - ?,,0,S
JOL A,61,1,51,Pop - Soda,100,Pop - ?,soda,1,S
JOL A,61,1,52,Wine - Cheese,50,Wine - ?,cheese,1,S
JOL A,61,1,53,Bathroom - Toilet,100,Bathroom - ?,toilet,1,S
JOL A,61,1,54,Choice - Decision,100,Choice - ?,decision,1,S
JOL A,61,1,55,Shoe - Foot,60,Shoe - ?,clothes,0,S
JOL A,61,1,56,Past - Future,200,Meaning - ?,,0,S
JOL A,61,1,57,Lettuce - Salad,100,Lettuce - ?,salad,1,S
JOL A,61,1,58,Honey - Bee,100,Honey - ?,bee,1,S
JOL A,61,1,59,Baby - Child,100,Baby - ?,chil,1,S
JOL A,61,1,60,Circle - Round,100,Circle - ?,round,1,S
JOL A,61,1,61,Pusher - Clutter,15,Pusher - ?,clutter,1,S
JOL A,61,1,62,Dietary - Sacking,15,Dietary - ?,,0,U
JOL A,61,1,63,Park - Hungry,25,Park - ?,car,0,U
JOL A,61,1,64,Lift - Woman,19,Lift - ?,,0,U
JOL A,61,1,65,Soon - Belt,45,Soon - ?,now,0,U
JOL A,61,1,66,Discover - Floor,25,Discover - ?,find,0,U
JOL A,61,1,67,Death - Business,40,Death - ?,business,1,U
JOL A,61,1,68,Debate - Sight,39,Debate - ?,,0,U
JOL A,61,1,69,Artery - Bronze,15,Artery - ?,,0,U
JOL A,61,1,70,Fix - Hand,60,Fix - ?,,0,U
JOL A,61,1,71,Machine - Position,50,Machine - ?,,0,U
JOL A,61,1,72,Happy - Car,25,Happy - ?,car,1,U
JOL A,61,1,73,Allow - Tuck,15,Allow - ?,,0,U
JOL A,61,1,74,Art - Lion,49,Art - ?,,0,U
JOL A,61,1,75,Strong - Accident,10,Strong - ?,,0,U
JOL A,61,1,76,Sugar - Riddle,49,Sugar - ?,,0,U
JOL A,61,1,77,Valley - Add,26,Valley - ?,park,0,U
JOL A,61,1,78,Cash - Would,45,Cash - ?,money,0,U
JOL A,61,1,79,Hide - Sick,19,Hide - ?,seek,0,U
JOL A,61,1,80,King - Vase,1,King - ?,,0,U
T_JOL B,62,1,1,Extension - Long,34,Extension - ?,long,1,F
T_JOL B,62,1,2,Clue - Game,67,Clue - ?,Game,1,F
T_JOL B,62,1,3,Cactus - Plant,90,Cactus - ?,plant,1,F
T_JOL B,62,1,4,Shoelace - Tie,69,Shoelace - ?,tie,1,F
T_JOL B,62,1,5,Detective - Mystery,99,Detective - ?,Mystery,1,F
T_JOL B,62,1,6,Adjourn - End,67,Adjourn - ?,End,1,F
T_JOL B,62,1,7,Furry - Dog,78,Furry - ?,Dog,1,F
T_JOL B,62,1,8,Litter - Trash,89,Litter - ?,bad,0,F
T_JOL B,62,1,9,Cherry - Red,78,Cherry - ?,red,1,F
T_JOL B,62,1,10,Scalp - Head,89,Scalp - ?,Head,1,F
T_JOL B,62,1,11,Driver - Car,67,Driver - ?,Car,1,F
T_JOL B,62,1,12,Chop - Cut,47,Chop - ?,Cut,1,F
T_JOL B,62,1,13,Mule - Donkey,78,Mule - ?,Donkey,1,F
T_JOL B,62,1,14,Document - Paper,99,Document - ?,write,0,F
T_JOL B,62,1,15,Incense - Smell,100,Incense - ?,Smell,1,F
T_JOL B,62,1,16,Dine - Eat,90,Dine - ?,Eat,1,F
T_JOL B,62,1,17,Shears - Scissors,67,Shears - ?,scissors,1,F
T_JOL B,62,1,18,Feud - Fight,56,Feud - ?,Fight,1,F
T_JOL B,62,1,19,Chill - Cold,80,Chill - ?,Cold,1,F
T_JOL B,62,1,20,Affection - Love,78,Affection - ?,Love,1,F
T_JOL B,62,1,21,Turn - Flip,67,Turn - ?,around,0,F
T_JOL B,62,1,22,Car - Windshield,89,Car - ?,Drive,0,B
T_JOL B,62,1,23,Bad - Villain,78,Bad - ?,thief,0,B
T_JOL B,62,1,24,Bird - Penguin,56,Bird - ?,Duck,0,B
T_JOL B,62,1,25,Star - Actress,90,Star - ?,actor,0,B
T_JOL B,62,1,26,Thread - Thimble,11,Thread - ?,thimble,1,B
T_JOL B,62,1,27,Even - Revenge,,Even - ?,Odd,0,B
T_JOL B,62,1,28,Pop - Balloon,90,Pop - ?,Balloon,1,B
T_JOL B,62,1,29,Fruit - Strawberry,45,Fruit - ?,fly,0,B
T_JOL B,62,1,30,Best - Favorite,99,Best - ?,favorite,1,B
T_JOL B,62,1,31,Cat - Panther,65,Cat - ?,Dog,0,B
T_JOL B,62,1,32,Glass - Breakable,34,Glass - ?,breakable,1,B
T_JOL B,62,1,33,Dead - Coffin,100,Dead - ?,Coffin,1,B
T_JOL B,62,1,34,Plane - Aircraft,100,Plane - ?,Aircraft,1,B
T_JOL B,62,1,35,Fish - Sardine,34,Fish - ?,Sardine,1,B
T_JOL B,62,1,36,Baseball - League,44,Baseball - ?,Glove,0,B
T_JOL B,62,1,37,Money - Banker,10,Money - ?,pay,0,B
T_JOL B,62,1,38,Honest - Truthful,76,Honest - ?,Truth,0,B
T_JOL B,62,1,39,Sleep - Nap,90,Sleep - ?,Dream,0,B
T_JOL B,62,1,40,Fight - Brawl,45,Fight - ?,feud,0,B
T_JOL B,62,1,41,Razor - Shave,89,Razor - ?,shave,1,B
T_JOL B,62,1,42,Rights - Equal,99,Rights - ?,equal,1,S
T_JOL B,62,1,43,Mason - Jar,1,Mason - ?,jar,1,S
T_JOL B,62,1,44,Candle - Wax,98,Candle - ?,Wax,1,S
T_JOL B,62,1,45,Wrist - Bracelet,13,Wrist - ?,Bracelet,1,S
T_JOL B,62,1,46,Element - Carbon,55,Element - ?,Carbon,1,S
T_JOL B,62,1,47,Gone - Away,45,Gone - ?,away,1,S
T_JOL B,62,1,48,Water - Drink,99,Water,wet,0,S
T_JOL B,62,1,49,Earth - Ground,66,Earth - ?,ground,1,S
T_JOL B,62,1,50,Alone - Lonely,99,Alone - ?,Lonely,1,S
T_JOL B,62,1,51,Dry - Wet,56,Dry - ?,Wet,1,S
T_JOL B,62,1,52,Safety - Seatbelt,54,Safety - ?,Seatbelt,1,S
T_JOL B,62,1,53,Truth - Lie,89,Truth - ?,Honesty,0,S
T_JOL B,62,1,54,Phone - Communication,45,Phone - ?,Communication,1,S
T_JOL B,62,1,55,Rod - Reel,34,Rod - ?,reel,1,S
T_JOL B,62,1,56,Flea - Tick,12,Flea - ?,Tick,1,S
T_JOL B,62,1,57,Loud - Noise,89,Loud - ?,Noise,1,S
T_JOL B,62,1,58,Own - Have,12,Own - ?,Have,1,S
T_JOL B,62,1,59,Tantrum - Temper,23,Tantrum - ?,Tired,0,S
T_JOL B,62,1,60,Sun - Tan,90,Sun - ?,Tan,1,S
T_JOL B,62,1,61,Justice - Maroon,23,Justice - ?,hero,0,U
T_JOL B,62,1,62,Stretch - Cloth,32,Stretch - ?,long,0,U
T_JOL B,62,1,63,Give - Steak,10,Give - ?,take,0,U
T_JOL B,62,1,64,Maze - Election,10,Maze - ?,election,1,U
T_JOL B,62,1,65,Meat - Obtain,10,Meat - ?,obtain,1,U
T_JOL B,62,1,66,Crackle - Able,23,Crackle - ?,Fire,0,U
T_JOL B,62,1,67,Shell - Snake,,Shell - ?,snake,1,U
T_JOL B,62,1,68,Listen - Fiction,20,Listen - ?,Hear,0,U
T_JOL B,62,1,69,Keys - Joke,10,Keys - ?,lost,0,U
T_JOL B,62,1,70,Cake - Clothes,10,Cake - ?,Eat,0,U
T_JOL B,62,1,71,Name - Hate,10,Name - ?,hate,1,U
T_JOL B,62,1,72,Fuzzy - Bang,0,Fuzzy - ?,Rabbit,0,U
T_JOL B,62,1,73,Moat - Clear,12,Moat - ?,Castle,0,S
T_JOL B,62,1,74,Lease - Toil,9,Lease - ?,Sign,0,U
T_JOL B,62,1,75,Loan - Sign,11,Loan - ?,bank,0,U
T_JOL B,62,1,76,Both - Ounce,12,Both - ?,,0,U
T_JOL B,62,1,77,Temperature - Morning,10,Temperature - ?,Morning,1,U
T_JOL B,62,1,78,Mirror - Children,11,Mirror - ?,children,1,U
T_JOL B,62,1,79,Main - Scar,0,Main - ?,,0,U
T_JOL B,62,1,80,Charm - Vehicle,10,Charm - ?,Bracelet,0,U
T_JOL D,56,2,1,Enough - Full,90,Enough - ?,full,1,F
T_JOL D,56,2,2,Sip - Drink,90,Sip - ?,drink,1,F
T_JOL D,56,2,3,Cave - Dark,90,Cave - ?,dark,1,F
T_JOL D,56,2,4,Seize - Take,90,Seize - ?,obtain,0,F
T_JOL D,56,2,5,Growth - Height,90,Growth - ?,height,1,F
T_JOL D,56,2,6,Word - Sentence,90,Word - ?,,0,F
T_JOL D,56,2,7,Wasp - Bug,90,Wasp - ?,bug,1,F
T_JOL D,56,2,8,Division - Math,100,Division - ?,mathj,1,F
T_JOL D,56,2,9,Attorney - Law,95,Attorney - ?,law,1,F
T_JOL D,56,2,10,Fantastic - Great,90,Fantastic - ?,great,1,F
T_JOL D,56,2,11,Latch - Key,10,Latch - ?,keys,1,F
T_JOL D,56,2,12,Chili - Hot,90,Chili - ?,hot,1,F
T_JOL D,56,2,13,Racket - Ball,100,Racket - ?,ball,1,F
T_JOL D,56,2,14,Chore - Work,90,Chore - ?,work,1,F
T_JOL D,56,2,15,Famine - Hunger,90,Famine - ?,hunger,1,F
T_JOL D,56,2,16,Drowsy - Sleep,90,Drowsy - ?,sleep,1,F
T_JOL D,56,2,17,Stench - Smell,100,Stench - ?,smell,1,F
T_JOL D,56,2,18,Attire - Clothes,90,Attire - ?,clothes,1,F
T_JOL D,56,2,19,Pilot - Plane,95,Pilot - ?,plane,1,F
T_JOL D,56,2,20,Blaze - Fire,90,Blaze - ?,fire,1,F
T_JOL D,56,2,21,Bad - Delinquent,90,Bad - ?,deliquent,1,B
T_JOL D,56,2,22,Stomach - Digestion,100,Stomach - ?,,0,B
T_JOL D,56,2,23,Money - Wage,90,Money - ?,amount,0,B
T_JOL D,56,2,24,News - Editor,100,News - ?,editor,1,B
T_JOL D,56,2,25,Sting - Hornet,100,Sting - ?,,0,B
T_JOL D,56,2,26,Cold - Bitter,10,Cold - ?,,0,B
T_JOL D,56,2,27,Plant - Root,90,Plant - ?,root,1,B
T_JOL D,56,2,28,Bird - Swan,100,Bird - ?,,0,B
T_JOL D,56,2,29,Dog - Paw,100,Dog - ?,paw,1,B
T_JOL D,56,2,30,Out - Way,80,Out - ?,way,1,B
T_JOL D,56,2,31,Clean - Hygiene,90,Clean - ?,,0,B
T_JOL D,56,2,32,Water - Bridge,90,Water- ?,drink,0,B
T_JOL D,56,2,33,Rock - Geology,100,Rock - ?,geologphy,1,B
T_JOL D,56,2,34,War - Revolution,90,War - ?,revolution,1,B
T_JOL D,56,2,35,Talk - Discussion,90,Talk - ?,discussion,1,B
T_JOL D,56,2,36,Cow - Herd,90,Cow - ?,,0,B
T_JOL D,56,2,37,Card - Credit,100,Card - ?,credit,1,B
T_JOL D,56,2,38,Flower - Orchid,90,Flower - ?,orchid,1,B
T_JOL D,56,2,39,Fish - Tuna,100,Fish - ?,tuna,1,B
T_JOL D,56,2,40,Hammer - Chisel,94,Hammer - ?,chisel,1,S
T_JOL D,56,2,41,Assignment - Due,100,Assignment - ?,due,1,S
T_JOL D,56,2,42,Amount - Number,90,Amount - ?,money,0,S
T_JOL D,56,2,43,Site - Location,80,Site - ?,,0,S
T_JOL D,56,2,44,Waste - Dump,80,Waste - ?,dump,1,S
T_JOL D,56,2,45,Jury - Trial,100,Jury - ?,trial,1,S
T_JOL D,56,2,46,Design - Architecture,80,Design - ?,architecture,1,S
T_JOL D,56,2,47,Bar - Grill,100,Bar - ?,grill,1,S
T_JOL D,56,2,48,Liver - Kidney,100,Liver - ?,kidney,1,S
T_JOL D,56,2,49,End - Begin,100,End - ?,bein,1,S
T_JOL D,56,2,50,Wind - Blow,90,Wind - ?,low,1,S
T_JOL D,56,2,51,Soda - Pop,100,Soda - ?,pop,1,S
T_JOL D,56,2,52,Cheese - Wine,100,Cheese - ?,wine,1,S
T_JOL D,56,2,53,Toilet - Bathroom,95,Toilet - ?,bathroom,1,S
T_JOL D,56,2,54,Decision - Choice,90,Decision - ?,choice,1,S
T_JOL D,56,2,55,Foot - Shoe,100,Foot - ?,shoe,1,S
T_JOL D,56,2,56,Future - Past,95,Future - ?,past,1,S
T_JOL D,56,2,57,Salad - Lettuce,100,Salad - ?,lettuce,1,S
T_JOL D,56,2,58,Bee - Honey,90,Bee - ?,honey,1,S
T_JOL D,56,2,59,Child - Baby,100,Child - ?,baby,1,S
T_JOL D,56,2,60,Round - Circle,95,Round - ?,cirle,1,U
T_JOL D,56,2,61,Clutter - Pusher,10,Clutter - ?,,0,U
T_JOL D,56,2,62,Sacking - Dietary,0,Sacking - ?,,0,U
T_JOL D,56,2,63,Hungry - Park,20,Hungry - ?,famine,0,U
T_JOL D,56,2,64,Woman - Lift,0,Woman - ?,lift,1,U
T_JOL D,56,2,65,Belt - Soon,0,Belt - ?,,0,U
T_JOL D,56,2,66,Floor - Discover,0,Floor - ?,,0,U
T_JOL D,56,2,67,Business - Death,0,Business - ?,,0,U
T_JOL D,56,2,68,Sight - Debate,10,Sight - ?,,0,U
T_JOL D,56,2,69,Bronze - Artery,2,Bronze - ?,,0,U
T_JOL D,56,2,70,Hand - Fix,40,Hand - ?,,0,U
T_JOL D,56,2,71,Position - Machine,50,Position - ?,,0,U
T_JOL D,56,2,72,Car - Happy,0,Car - ?,,0,U
T_JOL D,56,2,73,Tuck - Allow,10,Tuck - ?,,0,U
T_JOL D,56,2,74,Lion - Art,20,Lion - ?,art,1,U
T_JOL D,56,2,75,Accident - Strong,0,Accident - ?,,0,U
T_JOL D,56,2,76,Riddle - Sugar,0,Riddle - ?,,0,U
T_JOL D,56,2,77,Add - Valley,0,Add - ?,,0,U
T_JOL D,56,2,78,Would - Cash,20,Would - ?,,0,U
T_JOL D,56,2,79,Sick - Hide,20,Sick - ?,,0,U
T_JOL D,56,2,80,Vase - King,0,Vase - ?,king,1,U
JOL A,57,2,1,Extension - Long,34,Extension - ?,cord,0,F
JOL A,57,2,2,Clue - Game,80,Clue - ?,game,1,F
JOL A,57,2,3,Cactus - Plant,56,Cactus - ?,plant,1,F
JOL A,57,2,4,Shoelace - Tie,90,Shoelace - ?,shoe,0,F
JOL A,57,2,5,Detective - Mystery,56,Detective - ?,sheriff,0,F
JOL A,57,2,6,Adjourn - End,1,Adjourn - ?,r,0,F
JOL A,57,2,7,Furry - Dog,89,Furry - ?,dog,1,F
JOL A,57,2,8,Litter - Trash,34,Litter - ?,cat,0,F
JOL A,57,2,9,Cherry - Red,90,Cherry - ?,red,1,F
JOL A,57,2,10,Scalp - Head,90,Scalp - ?,head,1,F
JOL A,57,2,11,Driver - Car,35,Driver - ?,car,1,F
JOL A,57,2,12,Chop - Cut,47,Chop - ?,cut,1,F
JOL A,57,2,13,Mule - Donkey,70,Mule - ?,donkey,1,F
JOL A,57,2,14,Document - Paper,24,Document - ?,taxs,0,F
JOL A,57,2,15,Incense - Smell,1,Incense - ?,car,0,F
JOL A,57,2,16,Dine - Eat,1,Dine - ?,food,0,F
JOL A,57,2,17,Shears - Scissors,70,Shears - ?,scissors,1,F
JOL A,57,2,18,Feud - Fight,1,Feud - ?,fight,1,F
JOL A,57,2,19,Chill - Cold,,Chill - ?,cold,1,F
JOL A,57,2,20,Affection - Love,80,Affection - ?,love,1,F
JOL A,57,2,21,Turn - Flip,60,Turn - ?,around,0,B
JOL A,57,2,22,Car - Windshield,34,Car - ?,happy,0,B
JOL A,57,2,23,Bad - Villain,34,Bad - ?,good,0,B
JOL A,57,2,24,Bird - Penguin,90,Bird - ?,eagle,0,B
JOL A,57,2,25,Star - Actress,23,Star - ?,actress,1,B
JOL A,57,2,26,Thread - Thimble,1,Thread - ?,tie,0,B
JOL A,57,2,27,Even - Revenge,32,Even - ?,odd,0,B
JOL A,57,2,28,Pop - Balloon,67,Pop - ?,soda,0,B
JOL A,57,2,29,Fruit - Strawberry,60,Fruit - ?,orange,0,B
JOL A,57,2,30,Best - Favorite,46,Best - ?,favrite,1,B
JOL A,57,2,31,Cat - Panther,80,Cat - ?,litter,0,B
JOL A,57,2,32,Glass - Breakable,78,Glass - ?,breakable,1,B
JOL A,57,2,33,Dead - Coffin,56,Dead - ?,coffin,1,B
JOL A,57,2,34,Plane - Aircraft,34,Plane - ?,aircraft,1,B
JOL A,57,2,35,Fish - Sardine,56,Fish - ?,sardines,1,B
JOL A,57,2,36,Baseball - League,90,Baseball - ?,golve,0,B
JOL A,57,2,37,Money - Banker,34,Money - ?,cash,0,B
JOL A,57,2,38,Honest - Truthful,47,Honest - ?,truth,0,B
JOL A,57,2,39,Sleep - Nap,34,Sleep - ?,na,1,B
JOL A,57,2,40,Fight - Brawl,50,Fight - ?,brawl,1,B
JOL A,57,2,41,Razor - Shave,90,Razor - ?,shave,1,S
JOL A,57,2,42,Rights - Equal,567,Rights - ?,equal,1,S
JOL A,57,2,43,Mason - Jar,99,Mason - ?,jar,1,S
JOL A,57,2,44,Candle - Wax,99,Candle - ?,wax,1,S
JOL A,57,2,45,Wrist - Bracelet,90,Wrist - ?,braclet,1,S
JOL A,57,2,46,Element - Carbon,70,Element - ?,carbon,1,S
JOL A,57,2,47,Gone - Away,30,Gone - ?,alone,0,S
JOL A,57,2,48,Water - Drink,70,Water,drink,1,S
JOL A,57,2,49,Earth - Ground,2,Earth - ?,ground,1,S
JOL A,57,2,50,Alone - Lonely,90,Alone - ?,lonely,1,S
JOL A,57,2,51,Dry - Wet,99,Dry - ?,wet,1,S
JOL A,57,2,52,Safety - Seatbelt,40,Safety - ?,belt,0,S
JOL A,57,2,53,Truth - Lie,99,Truth - ?,lie,1,S
JOL A,57,2,54,Phone - Communication,80,Phone - ?,call,0,S
JOL A,57,2,55,Rod - Reel,1,Rod - ?,cone,0,S
JOL A,57,2,56,Flea - Tick,50,Flea - ?,tick,1,S
JOL A,57,2,57,Loud - Noise,60,Loud - ?,noise,1,S
JOL A,57,2,58,Own - Have,1,Own - ?,mine,0,S
JOL A,57,2,59,Tantrum - Temper,99,Tantrum - ?,temper,1,U
JOL A,57,2,60,Sun - Tan,99,Sun - ?,tan,1,U
JOL A,57,2,61,Justice - Maroon,1,Justice - ?,rights,0,U
JOL A,57,2,62,Stretch - Cloth,1,Stretch - ?,musce,0,U
JOL A,57,2,63,Give - Steak,12,Give - ?,take,0,U
JOL A,57,2,64,Maze - Election,50,Maze - ?,mouse,0,U
JOL A,57,2,65,Meat - Obtain,1,Meat - ?,m,0,U
JOL A,57,2,66,Crackle - Able,1,Crackle - ?,pop,0,U
JOL A,57,2,67,Shell - Snake,1,Shell - ?,fish,0,U
JOL A,57,2,68,Listen - Fiction,,Listen - ?,hear,0,U
JOL A,57,2,69,Keys - Joke,1,Keys - ?,latch,0,U
JOL A,57,2,70,Cake - Clothes,1,Cake - ?,children,0,U
JOL A,57,2,71,Name - Hate,1,Name - ?,bad,0,U
JOL A,57,2,72,Fuzzy - Bang,46,Fuzzy - ?,dog,0,S
JOL A,57,2,73,Moat - Clear,23,Moat - ?,,0,U
JOL A,57,2,74,Lease - Toil,1,Lease - ?,rent,0,U
JOL A,57,2,75,Loan - Sign,34,Loan - ?,money,0,U
JOL A,57,2,76,Both - Ounce,56,Both - ?,childern,0,U
JOL A,57,2,77,Temperature - Morning,1,Temperature - ?,house,0,U
JOL A,57,2,78,Mirror - Children,1,Mirror - ?,child,1,U
JOL A,57,2,79,Main - Scar,1,Main - ?,focus,0,U
JOL A,57,2,80,Charm - Vehicle,1,Charm - ?,sweet,0,U
T_JOL B,58,2,1,Delinquent - Bad,100,Delinquent - ?,bad,1,F
T_JOL B,58,2,2,Digestion - Stomach,80,Digestion - ?,stomach,1,F
T_JOL B,58,2,3,Wage - Money,70,Wage - ?,money,1,F
T_JOL B,58,2,4,Chisel - Hammer,,Chisel - ?,rock,0,F
T_JOL B,58,2,5,Editor - News,20,Editor - ?,news,1,F
T_JOL B,58,2,6,Hornet - Sting,100,Hornet - ?,sting,1,F
T_JOL B,58,2,7,Bitter - Cold,50,Bitter - ?,cold,1,F
T_JOL B,58,2,8,Root - Plant,70,Root - ?,planty,1,F
T_JOL B,58,2,9,Swan - Bird,50,Swan - ?,bird,1,F
T_JOL B,58,2,10,Paw - Dog,70,Paw - ?,dog,1,F
T_JOL B,58,2,11,Way - Out,100,Way - ?,out,1,F
T_JOL B,58,2,12,Hygiene - Clean,30,Hygiene - ?,clean,1,F
T_JOL B,58,2,13,Bridge - Water,13,Bridge - ?,water,1,F
T_JOL B,58,2,14,Geology - Rock,100,Geology - ?,rock,1,F
T_JOL B,58,2,15,Revolution - War,100,Revolution - ?,war,1,F
T_JOL B,58,2,16,Discussion - Talk,70,Discussion - ?,talk,1,F
T_JOL B,58,2,17,Herd - Cow,20,Herd - ?,cow,1,F
T_JOL B,58,2,18,Credit - Card,100,Credit - ?,card,1,F
T_JOL B,58,2,19,Orchid - Flower,90,Orchid - ?,flowerorplant,0,F
T_JOL B,58,2,20,Tuna -  Fish,0,Tuna - ?,fish,1,F
T_JOL B,58,2,21,Full - Enough,50,Full - ?,enough,1,B
T_JOL B,58,2,22,Drink - Sip,100,Drink - ?,water,0,B
T_JOL B,58,2,23,Dark - Cave,40,Dark - ?,cave,1,B
T_JOL B,58,2,24,Take - Seize,50,Take - ?,steal,0,B
T_JOL B,58,2,25,Height - Growth,100,Height - ?,growth,1,B
T_JOL B,58,2,26,Sentence - Word,40,Sentence - ?,word,1,B
T_JOL B,58,2,27,Bug - Wasp,100,Bug - ?,wasp,1,B
T_JOL B,58,2,28,Math - Division,100,Math - ?,division,1,B
T_JOL B,58,2,29,Law - Attorney,100,Law - ?,jury,0,B
T_JOL B,58,2,30,Great - Fantastic,50,Great - ?,excellent,0,B
T_JOL B,58,2,31,Key - Latch,100,Key - ?,latch,1,B
T_JOL B,58,2,32,Hot - Chili,70,Hot - ?,cold,0,B
T_JOL B,58,2,33,Ball - Racket,30,Ball - ?,catch,0,B
T_JOL B,58,2,34,Work - Chore,40,Work - ?,wage,0,B
T_JOL B,58,2,35,Hunger - Famine,100,Hunger - ?,eat,0,B
T_JOL B,58,2,36,Sleep - Drowsy,100,Sleep - ?,nap,0,B
T_JOL B,58,2,37,Smell - Stench,100,Smell - ?,stench,1,B
T_JOL B,58,2,38,Clothes - Attire,6,Clothes - ?,attire,1,B
T_JOL B,58,2,39,Plane - Pilot,100,Plane - ?,pilot,1,B
T_JOL B,58,2,40,Fire - Blaze,100,Fire - ?,blaze,1,B
T_JOL B,58,2,41,Due - Assignment,50,Due - ?,assignment,1,S
T_JOL B,58,2,42,Number - Amount,100,Number - ?,even,0,S
T_JOL B,58,2,43,Location - Site,60,Location - ?,start,0,S
T_JOL B,58,2,44,Dump - Waste,100,Dump - ?,waste,1,S
T_JOL B,58,2,45,Trial - Jury,100,Trial - ?,jury,1,S
T_JOL B,58,2,46,Architecture - Design,75,Architecture - ?,design,1,S
T_JOL B,58,2,47,Grill -Bar,20,Grill - ?,bar,1,S
T_JOL B,58,2,48,Kidney - Liver,67,Kidney - ?,liver,1,S
T_JOL B,58,2,49,Begin - End,100,Begin - ?,end,1,S
T_JOL B,58,2,50,Blow - Wind,100,Blow - ?,wind,1,S
T_JOL B,58,2,51,Pop - Soda,100,Pop - ?,soda,1,S
T_JOL B,58,2,52,Wine - Cheese,50,Wine - ?,cheese,1,S
T_JOL B,58,2,53,Bathroom - Toilet,100,Bathroom - ?,toilet,1,S
T_JOL B,58,2,54,Choice - Decision,50,Choice - ?,option,0,S
T_JOL B,58,2,55,Shoe - Foot,100,Shoe - ?,foot,1,S
T_JOL B,58,2,56,Past - Future,,Meaning - ?,definition,,S
T_JOL B,58,2,57,Lettuce - Salad,100,Lettuce - ?,salad,1,S
T_JOL B,58,2,58,Honey - Bee,90,Honey - ?,bee,1,S
T_JOL B,58,2,59,Baby - Child,100,Baby - ?,child,1,S
T_JOL B,58,2,60,Circle - Round,100,Circle - ?,round,1,S
T_JOL B,58,2,61,Pusher - Clutter,0,Pusher - ?,catcher,0,U
T_JOL B,58,2,62,Dietary - Sacking,20,Dietary - ?,food,0,U
T_JOL B,58,2,63,Park - Hungry,45,Park - ?,swing,0,U
T_JOL B,58,2,64,Lift - Woman,20,Lift - ?,woman,1,U
T_JOL B,58,2,65,Soon - Belt,0,Soon - ?,enough,0,U
T_JOL B,58,2,66,Discover - Floor,12,Discover - ?,find,0,U
T_JOL B,58,2,67,Death - Business,9,Death - ?,business,1,U
T_JOL B,58,2,68,Debate - Sight,0,Debate - ?,argue,0,U
T_JOL B,58,2,69,Artery - Bronze,0,Artery - ?,lood,0,U
T_JOL B,58,2,70,Fix - Hand,2,Fix - ?,repair,0,U
T_JOL B,58,2,71,Machine - Position,9,Machine - ?,computer,0,U
T_JOL B,58,2,72,Happy - Car,0,Happy - ?,joy,0,U
T_JOL B,58,2,73,Allow - Tuck,20,Allow - ?,let,0,U
T_JOL B,58,2,74,Art - Lion,0,Art - ?,show,0,U
T_JOL B,58,2,75,Strong - Accident,60,Strong - ?,touh,0,U
T_JOL B,58,2,76,Sugar - Riddle,0,Sugar - ?,sweet,0,U
T_JOL B,58,2,77,Valley - Add,20,Valley - ?,canyon,0,U
T_JOL B,58,2,78,Cash - Would,20,Cash - ?,money,0,U
T_JOL B,58,2,79,Hide - Sick,20,Hide - ?,scare,0,U
T_JOL B,58,2,80,King - Vase,20,King - ?,queen,0,U
T_JOL C,59,2,1,Flip - Turn,75,Flip - ?,turn,1,F
T_JOL C,59,2,2,Windshield - Car,85,Windshield - ?,car,1,F
T_JOL C,59,2,3,Villain - Bad,80,Villian - ?,bad,1,F
T_JOL C,59,2,4,Penguin - Bird,65,Penguin - ?,bird,1,F
T_JOL C,59,2,5,Actress - Star,90,Actress - ?,star,1,F
T_JOL C,59,2,6,Thimble - Thread,20,Thimble - ?,turn,0,F
T_JOL C,59,2,7,Revenge - Even,75,Revenge - ?,,0,F
T_JOL C,59,2,8,Balloon - Pop,80,Balloon - ?,pop,1,F
T_JOL C,59,2,9,Strawberry - Fruit,85,Strawberry - ?,fruit,1,F
T_JOL C,59,2,10,Favorite - Best,80,Favorite - ?,best,1,F
T_JOL C,59,2,11,Panther - Cat,85,Panther - ?,cat,1,F
T_JOL C,59,2,12,Breakable - Glass,85,Breakable - ?,glass,1,F
T_JOL C,59,2,13,Coffin - Dead,75,Coffin - ?,dea,1,F
T_JOL C,59,2,14,Aircraft - Plane,50,Aircraft - ?,plane,1,F
T_JOL C,59,2,15,Sardine - Fish,80,Sardine - ?,fish,1,F
T_JOL C,59,2,16,League - Baseball,90,League - ?,baseball,1,F
T_JOL C,59,2,17,Banker - Money,80,Banker - ?,mony,1,F
T_JOL C,59,2,18,Truthful - Honest,80,Truthful - ?,honest,1,F
T_JOL C,59,2,19,Nap - Sleep,80,Nap - ?,sleep,1,F
T_JOL C,59,2,20,Brawl - Fight,90,Brawl - ?,fight,1,F
T_JOL C,59,2,21,Long - Extension,6,Long - ?,extensive,0,B
T_JOL C,59,2,22,Game - Clue,50,Game - ?,clueless,0,B
T_JOL C,59,2,23,Tie - Shoelace,80,Tie - ?,knot,0,B
T_JOL C,59,2,24,Mystery - Detective,75,Mystery - ?,detective,1,B
T_JOL C,59,2,25,End - Adjourn,20,End - ?,begin,0,B
T_JOL C,59,2,26,Dog - Furry,75,Dog - ?,fur,0,B
T_JOL C,59,2,27,Trash - Litter,80,Trash - ?,waste,0,B
T_JOL C,59,2,28,Red - Cherry,85,Red - ?,apple,0,B
T_JOL C,59,2,29,Head - Scalp,75,Head - ?,scalp,1,B
T_JOL C,59,2,30,Car - Driver,90,Car - ?,drive,0,B
T_JOL C,59,2,31,Cut - Chop,90,Cut - ?,scissors,0,B
T_JOL C,59,2,32,Donkey - Mule,90,Donkey - ?,mule,1,B
T_JOL C,59,2,33,Paper - Document,90,Paper - ?,write,0,B
T_JOL C,59,2,34,Smell - Incense,80,Smell - ?,stench,0,B
T_JOL C,59,2,35,Eat - Dine,80,Eat - ?,drink,0,B
T_JOL C,59,2,36,Scissors - Shears,20,Scissors - ?,cut,0,B
T_JOL C,59,2,37,Fight - Feud,,Fight - ?,brawl,0,B
T_JOL C,59,2,38,Plant - Cactus,80,Plant - ?,cactus,1,B
T_JOL C,59,2,39,Cold - Chill,80,Cold - ?,snow,0,B
T_JOL C,59,2,40,Love - Affection,90,Love - ?,affection,1,B
T_JOL C,59,2,41,Shave - Razor,75,Shave - ?,razor,1,S
T_JOL C,59,2,42,Equal - Rights,90,Equal - ?,rights,1,S
T_JOL C,59,2,43,Jar - Mason,50,Jar - ?,full,0,S
T_JOL C,59,2,44,Wax - Candle,75,Wax - ?,candle,1,S
T_JOL C,59,2,45,Bracelet - Wrist,78,Bracelet - ?,wrist,1,S
T_JOL C,59,2,46,Carbon - Element,85,Carbon - ?,element,1,S
T_JOL C,59,2,47,Away - Gone,75,Away - ?,gone,1,S
T_JOL C,59,2,48,Drink - Water,90,Drink - ?,eat,0,S
T_JOL C,59,2,49,Ground - Earth,50,Ground - ?,earth,1,S
T_JOL C,59,2,50,Lonely - Alone,75,Lonely - ?,alone,1,S
T_JOL C,59,2,51,Seatbelt - Safety,80,Seatbelt - ?,car,0,S
T_JOL C,59,2,52,Lie - Truth,85,Lie - ?,truth,1,S
T_JOL C,59,2,53,Communication - Phone,90,Communication - ?,talk,0,S
T_JOL C,59,2,54,Reel - Rod,50,Reel - ?,,0,S
T_JOL C,59,2,55,Tick - Flea,20,Tick - ?,thimble,0,S
T_JOL C,59,2,56,Noise - Loud,80,Noise - ?,loud,1,S
T_JOL C,59,2,57,Have - Own,68,Have - ?,own,1,S
T_JOL C,59,2,58,Temper - Tantrum,90,Temper - ?,tantrum,1,S
T_JOL C,59,2,59,Tan - Sun,90,Tan - ?,bronze,0,S
T_JOL C,59,2,60,Maroon - Justice,20,Maroon - ?,equal,0,S
T_JOL C,59,2,61,Cloth - Stretch,60,Cloth - ?,pack,0,U
T_JOL C,59,2,62,Election - Maze,,Election - ?,person,0,U
T_JOL C,59,2,63,Charm - Vehicle,0,Charm - ?,key,0,U
T_JOL C,59,2,64,Obtain - Meat,20,Obtain - ?,get,0,U
T_JOL C,59,2,65,Able - Crackle,,Able - ?,can,0,U
T_JOL C,59,2,66,Shake - Shell,60,Shake - ?,,0,U
T_JOL C,59,2,67,Fiction - Listen,50,Fiction - ?,story,0,U
T_JOL C,59,2,68,Joke - Keys,40,Joke - ?,clown,0,U
T_JOL C,59,2,69,Hate - Name,30,Hate - ?,,0,U
T_JOL C,59,2,70,Bang - Fuzzy,20,Clear - ?,sky,0,U
T_JOL C,59,2,71,Clear - Moat,10,Wet - ?,water,0,U
T_JOL C,59,2,72,Wet - Dry,80,Steak - ?,happy,0,U
T_JOL C,59,2,73,Steak - Give,20,Bang - ?,fire,0,U
T_JOL C,59,2,74,Clothes - Cake,28,Clothes - ?,travel,0,U
T_JOL C,59,2,75,Toil - Lease,30,Toil - ?,,0,U
T_JOL C,59,2,76,Sign - Loan,20,Sign - ?,,0,U
T_JOL C,59,2,77,Ounce - Both,23,Ounce - ?,size,0,U
T_JOL C,59,2,78,Morning - Temperature,50,Morning - ?,weather,0,U
T_JOL C,59,2,79,Children - Mirror,20,Children - ?,play,0,U
T_JOL C,59,2,80,Main - Scar,20,Main - ?,,0,U
T_JOL D,60,2,1,Enough - Full,50,Enough - ?,full,1,F
T_JOL D,60,2,2,Sip - Drink,50,Sip - ?,,0,F
T_JOL D,60,2,3,Cave - Dark,50,Cave - ?,dark,1,F
T_JOL D,60,2,4,Seize - Take,10,Seize - ?,take,1,F
T_JOL D,60,2,5,Growth - Height,60,Growth - ?,height,1,F
T_JOL D,60,2,6,Word - Sentence,30,Word - ?,puzzle,0,F
T_JOL D,60,2,7,Wasp - Bug,20,Wasp - ?,sting,0,F
T_JOL D,60,2,8,Division - Math,50,Division - ?,math,1,F
T_JOL D,60,2,9,Attorney - Law,50,Attorney - ?,law,1,F
T_JOL D,60,2,10,Fantastic - Great,80,Fantastic - ?,great,1,F
T_JOL D,60,2,11,Latch - Key,10,Latch - ?,hold,0,F
T_JOL D,60,2,12,Chili - Hot,90,Chili - ?,hot,1,F
T_JOL D,60,2,13,Racket - Ball,80,Racket - ?,ball,1,F
T_JOL D,60,2,14,Chore - Work,80,Chore - ?,work,1,F
T_JOL D,60,2,15,Famine - Hunger,0,Famine - ?,,0,F
T_JOL D,60,2,16,Drowsy - Sleep,50,Drowsy - ?,sleep,1,F
T_JOL D,60,2,17,Stench - Smell,40,Stench - ?,smell,1,F
T_JOL D,60,2,18,Attire - Clothes,50,Attire - ?,clothes,1,F
T_JOL D,60,2,19,Pilot - Plane,70,Pilot - ?,plane,1,F
T_JOL D,60,2,20,Blaze - Fire,,Blaze - ?,hot,0,F
T_JOL D,60,2,21,Bad - Delinquent,70,Bad - ?,wrong,0,B
T_JOL D,60,2,22,Stomach - Digestion,50,Stomach - ?,digest,0,B
T_JOL D,60,2,23,Money - Wage,50,Money - ?,amount,0,B
T_JOL D,60,2,24,News - Editor,100,News - ?,letter,0,B
T_JOL D,60,2,25,Sting - Hornet,560,Sting - ?,wasp,0,B
T_JOL D,60,2,26,Cold - Bitter,40,Cold - ?,,0,B
T_JOL D,60,2,27,Plant - Root,50,Plant - ?,green,0,B
T_JOL D,60,2,28,Bird - Swan,40,Bird - ?,chirp,0,B
T_JOL D,60,2,29,Dog - Paw,50,Dog - ?,paw,1,B
T_JOL D,60,2,30,Out - Way,10,Out - ?,in,0,B
T_JOL D,60,2,31,Clean - Hygiene,50,Clean - ?,dirty,0,B
T_JOL D,60,2,32,Water - Bridge,50,Water- ?,drink,0,B
T_JOL D,60,2,33,Rock - Geology,0,Rock - ?,,0,B
T_JOL D,60,2,34,War - Revolution,80,War - ?,revolution,1,B
T_JOL D,60,2,35,Talk - Discussion,60,Talk - ?,communcation,0,B
T_JOL D,60,2,36,Cow - Herd,10,Cow - ?,animal,0,B
T_JOL D,60,2,37,Card - Credit,60,Card - ?,credit,1,B
T_JOL D,60,2,38,Flower - Orchid,0,Flower - ?,orchrid,1,B
T_JOL D,60,2,39,Fish - Tuna,50,Fish - ?,tuna,1,B
T_JOL D,60,2,40,Hammer - Chisel,0,Hammer - ?,tool,0,B
T_JOL D,60,2,41,Assignment - Due,100,Assignment - ?,due,1,S
T_JOL D,60,2,42,Amount - Number,90,Amount - ?,money,0,S
T_JOL D,60,2,43,Site - Location,10,Site - ?,seek,0,S
T_JOL D,60,2,44,Waste - Dump,70,Waste - ?,garbage,0,S
T_JOL D,60,2,45,Jury - Trial,50,Jury - ?,trial,1,S
T_JOL D,60,2,46,Design - Architecture,50,Design - ?,algriculture,0,S
T_JOL D,60,2,47,Bar - Grill,70,Bar - ?,grill,1,S
T_JOL D,60,2,48,Liver - Kidney,80,Liver - ?,kidney,1,S
T_JOL D,60,2,49,End - Begin,75,End - ?,begin,1,S
T_JOL D,60,2,50,Wind - Blow,80,Wind - ?,blow,1,S
T_JOL D,60,2,51,Soda - Pop,50,Soda - ?,pop,1,S
T_JOL D,60,2,52,Cheese - Wine,10,Cheese - ?,,0,S
T_JOL D,60,2,53,Toilet - Bathroom,90,Toilet - ?,bathrom,1,S
T_JOL D,60,2,54,Decision - Choice,50,Decision - ?,choice,1,S
T_JOL D,60,2,55,Foot - Shoe,100,Foot - ?,ball,0,S
T_JOL D,60,2,56,Future - Past,50,Future - ?,past,1,S
T_JOL D,60,2,57,Salad - Lettuce,40,Salad - ?,healthy,0,S
T_JOL D,60,2,58,Bee - Honey,100,Bee - ?,honey,1,S
T_JOL D,60,2,59,Child - Baby,50,Child - ?,baby,1,S
T_JOL D,60,2,60,Round - Circle,100,Round - ?,circle,1,S
T_JOL D,60,2,61,Clutter - Pusher,10,Clutter - ?,crowd,0,U
T_JOL D,60,2,62,Sacking - Dietary,0,Sacking - ?,,0,U
T_JOL D,60,2,63,Hungry - Park,0,Hungry - ?,eat,0,U
T_JOL D,60,2,64,Woman - Lift,5,Woman - ?,lift,1,U
T_JOL D,60,2,65,Belt - Soon,0,Belt - ?,seat,0,U
T_JOL D,60,2,66,Floor - Discover,0,Floor - ?,,0,U
T_JOL D,60,2,67,Business - Death,0,Business - ?,,0,U
T_JOL D,60,2,68,Sight - Debate,0,Sight - ?,see,0,U
T_JOL D,60,2,69,Bronze - Artery,0,Bronze - ?,,0,U
T_JOL D,60,2,70,Hand - Fix,0,Hand - ?,,0,U
T_JOL D,60,2,71,Position - Machine,0,Position - ?,,0,U
T_JOL D,60,2,72,Car - Happy,0,Car - ?,,0,U
T_JOL D,60,2,73,Tuck - Allow,0,Tuck - ?,in,0,U
T_JOL D,60,2,74,Lion - Art,5,Lion - ?,art,1,U
T_JOL D,60,2,75,Accident - Strong,0,Accident - ?,mistake,0,U
T_JOL D,60,2,76,Riddle - Sugar,0,Riddle - ?,game,0,U
T_JOL D,60,2,77,Add - Valley,0,Add - ?,,0,U
T_JOL D,60,2,78,Would - Cash,0,Would - ?,,0,U
T_JOL D,60,2,79,Sick - Hide,50,Sick - ?,fever,0,U
T_JOL D,60,2,80,Vase - King,0,Vase - ?,,0,U
JOL A,61,2,1,Extension - Long,10,Extension - ?,lengthen,0,F
JOL A,61,2,2,Clue - Game,20,Clue - ?,game,1,F
JOL A,61,2,3,Cactus - Plant,102,Cactus - ?,plant,1,F
JOL A,61,2,4,Shoelace - Tie,12,Shoelace - ?,tie,1,F
JOL A,61,2,5,Detective - Mystery,15,Detective - ?,investigate,0,F
JOL A,61,2,6,Adjourn - End,11,Adjourn - ?,,0,F
JOL A,61,2,7,Furry - Dog,100,Furry - ?,dog,1,F
JOL A,61,2,8,Litter - Trash,100,Litter - ?,mess,0,F
JOL A,61,2,9,Cherry - Red,100,Cherry - ?,red,1,F
JOL A,61,2,10,Scalp - Head,100,Scalp - ?,head,1,F
JOL A,61,2,11,Driver - Car,100,Driver - ?,car,1,F
JOL A,61,2,12,Chop - Cut,100,Chop - ?,cut,1,F
JOL A,61,2,13,Mule - Donkey,19,Mule - ?,donkey,1,F
JOL A,61,2,14,Document - Paper,100,Document - ?,essay,0,F
JOL A,61,2,15,Incense - Smell,23,Incense - ?,smell,1,F
JOL A,61,2,16,Dine - Eat,100,Dine - ?,eat,1,F
JOL A,61,2,17,Shears - Scissors,10,Shears - ?,scissors,1,F
JOL A,61,2,18,Feud - Fight,12,Feud - ?,argument,0,F
JOL A,61,2,19,Chill - Cold,100,Chill - ?,cold,1,F
JOL A,61,2,20,Affection - Love,100,Affection - ?,love,1,F
JOL A,61,2,21,Turn - Flip,10,Turn - ?,flip,1,B
JOL A,61,2,22,Car - Windshield,12,Car - ?,driver,0,B
JOL A,61,2,23,Bad - Villain,100,Bad - ?,,0,B
JOL A,61,2,24,Bird - Penguin,145,Bird - ?,penguin,1,B
JOL A,61,2,25,Star - Actress,12,Star - ?,gaze,0,B
JOL A,61,2,26,Thread - Thimble,12,Thread - ?,needle,0,B
JOL A,61,2,27,Even - Revenge,100,Even - ?,od,0,B
JOL A,61,2,28,Pop - Balloon,100,Pop - ?,soda,0,B
JOL A,61,2,29,Fruit - Strawberry,100,Fruit - ?,strawberry,1,B
JOL A,61,2,30,Best - Favorite,10,Best - ?,great,0,B
JOL A,61,2,31,Cat - Panther,12,Cat - ?,dog,0,B
JOL A,61,2,32,Glass - Breakable,12,Glass - ?,window,0,B
JOL A,61,2,33,Dead - Coffin,100,Dead - ?,coffin,1,B
JOL A,61,2,34,Plane - Aircraft,100,Plane - ?,pilot,0,B
JOL A,61,2,35,Fish - Sardine,10,Fish - ?,sardine,1,B
JOL A,61,2,36,Baseball - League,100,Baseball - ?,league,1,B
JOL A,61,2,37,Money - Banker,12,Money - ?,borrow,0,B
JOL A,61,2,38,Honest - Truthful,100,Honest - ?,truthful,1,B
JOL A,61,2,39,Sleep - Nap,100,Sleep - ?,nap,1,B
JOL A,61,2,40,Fight - Brawl,10,Fight - ?,brawl,1,B
JOL A,61,2,41,Razor - Shave,10,Razor - ?,cut,0,S
JOL A,61,2,42,Rights - Equal,100,Rights - ?,equal,1,S
JOL A,61,2,43,Mason - Jar,50,Mason - ?,jar,1,S
JOL A,61,2,44,Candle - Wax,100,Candle - ?,wax,1,S
JOL A,61,2,45,Wrist - Bracelet,15,Wrist - ?,bracelet,1,S
JOL A,61,2,46,Element - Carbon,100,Element - ?,carbon,1,S
JOL A,61,2,47,Gone - Away,10,Gone - ?,away,1,S
JOL A,61,2,48,Water - Drink,100,Water,drink,1,S
JOL A,61,2,49,Earth - Ground,100,Earth - ?,ground,1,S
JOL A,61,2,50,Alone - Lonely,100,Alone - ?,lonely,1,S
JOL A,61,2,51,Dry - Wet,100,Dry - ?,wet,1,S
JOL A,61,2,52,Safety - Seatbelt,19,Safety - ?,seatbelt,1,S
JOL A,61,2,53,Truth - Lie,100,Truth - ?,honest,0,S
JOL A,61,2,54,Phone - Communication,11,Phone - ?,own,0,S
JOL A,61,2,55,Rod - Reel,10,Rod - ?,reel,1,S
JOL A,61,2,56,Flea - Tick,12,Flea - ?,tick,1,S
JOL A,61,2,57,Loud - Noise,100,Loud - ?,noise,1,S
JOL A,61,2,58,Own - Have,100,Own - ?,have,1,S
JOL A,61,2,59,Tantrum - Temper,100,Tantrum - ?,child,0,S
JOL A,61,2,60,Sun - Tan,100,Sun - ?,shine,0,S
JOL A,61,2,61,Justice - Maroon,15,Justice - ?,law,0,U
JOL A,61,2,62,Stretch - Cloth,12,Stretch - ?,cloth,1,U
JOL A,61,2,63,Give - Steak,12,Give - ?,take,0,U
JOL A,61,2,64,Maze - Election,15,Maze - ?,trail,0,U
JOL A,61,2,65,Meat - Obtain,11,Meat - ?,,0,U
JOL A,61,2,66,Crackle - Able,100,Crackle - ?,cake,0,U
JOL A,61,2,67,Shell - Snake,1,Shell - ?,snake,1,U
JOL A,61,2,68,Listen - Fiction,11,Listen - ?,hear,0,U
JOL A,61,2,69,Keys - Joke,1,Keys - ?,latch,0,U
JOL A,61,2,70,Cake - Clothes,1,Cake - ?,c,0,U
JOL A,61,2,71,Name - Hate,1,Name - ?,tag,0,U
JOL A,61,2,72,Fuzzy - Bang,12,Fuzzy - ?,dog,0,U
JOL A,61,2,73,Moat - Clear,12,Moat - ?,boat,0,U
JOL A,61,2,74,Lease - Toil,11,Lease - ?,rent,0,U
JOL A,61,2,75,Loan - Sign,12,Loan - ?,give,0,U
JOL A,61,2,76,Both - Ounce,1,Both - ?,together,0,U
JOL A,61,2,77,Temperature - Morning,12,Temperature - ?,morning,1,U
JOL A,61,2,78,Mirror - Children,12,Mirror - ?,child,1,U
JOL A,61,2,79,Main - Scar,12,Main - ?,only,0,U
JOL A,61,2,80,Charm - Vehicle,1,Charm - ?,lucky,0,U
T_JOL B,62,2,1,Delinquent - Bad,12,Delinquent - ?,bad,1,F
T_JOL B,62,2,2,Digestion - Stomach,45,Digestion - ?,stomach,1,F
T_JOL B,62,2,3,Wage - Money,78,Wage - ?,hour,0,F
T_JOL B,62,2,4,Chisel - Hammer,12,Chisel - ?,hammer,1,F
T_JOL B,62,2,5,Editor - News,29,Editor - ?,newspaper,0,F
T_JOL B,62,2,6,Hornet - Sting,100,Hornet - ?,sting,1,F
T_JOL B,62,2,7,Bitter - Cold,12,Bitter - ?,cold,1,F
T_JOL B,62,2,8,Root - Plant,78,Root - ?,plant,1,F
T_JOL B,62,2,9,Swan - Bird,45,Swan - ?,bird,1,F
T_JOL B,62,2,10,Paw - Dog,23,Paw - ?,dog,1,F
T_JOL B,62,2,11,Way - Out,98,Way - ?,out,1,F
T_JOL B,62,2,12,Hygiene - Clean,78,Hygiene - ?,clean,1,F
T_JOL B,62,2,13,Bridge - Water,90,Bridge - ?,water,1,F
T_JOL B,62,2,14,Geology - Rock,90,Geology - ?,rock,1,F
T_JOL B,62,2,15,Revolution - War,90,Revolution - ?,war,1,F
T_JOL B,62,2,16,Discussion - Talk,75,Discussion - ?,talk,1,F
T_JOL B,62,2,17,Herd - Cow,99,Herd - ?,cow,1,F
T_JOL B,62,2,18,Credit - Card,100,Credit - ?,card,1,F
T_JOL B,62,2,19,Orchid - Flower,67,Orchid - ?,flower,1,F
T_JOL B,62,2,20,Tuna -  Fish,99,Tuna - ?,fish,1,F
T_JOL B,62,2,21,Full - Enough,98,Full - ?,tank,0,B
T_JOL B,62,2,22,Drink - Sip,99,Drink - ?,water,0,B
T_JOL B,62,2,23,Dark - Cave,90,Dark - ?,night,0,B
T_JOL B,62,2,24,Take - Seize,96,Take - ?,away,0,B
T_JOL B,62,2,25,Height - Growth,67,Height - ?,tall,0,B
T_JOL B,62,2,26,Sentence - Word,90,Sentence - ?,writing,0,B
T_JOL B,62,2,27,Bug - Wasp,34,Bug - ?,ant,0,B
T_JOL B,62,2,28,Math - Division,90,Math - ?,division,1,B
T_JOL B,62,2,29,Law - Attorney,89,Law - ?,attorney,1,B
T_JOL B,62,2,30,Great - Fantastic,23,Great - ?,favorite,0,B
T_JOL B,62,2,31,Key - Latch,23,Key - ?,latch,1,B
T_JOL B,62,2,32,Hot - Chili,75,Hot - ?,chili,1,B
T_JOL B,62,2,33,Ball - Racket,99,Ball - ?,bounce,0,B
T_JOL B,62,2,34,Work - Chore,89,Work - ?,chore,1,B
T_JOL B,62,2,35,Hunger - Famine,78,Hunger - ?,food,0,B
T_JOL B,62,2,36,Sleep - Drowsy,87,Sleep - ?,dream,0,B
T_JOL B,62,2,37,Smell - Stench,89,Smell - ?,odor,0,B
T_JOL B,62,2,38,Clothes - Attire,81,Clothes - ?,,0,B
T_JOL B,62,2,39,Plane - Pilot,98,Plane - ?,pilot,1,B
T_JOL B,62,2,40,Fire - Blaze,99,Fire - ?,burn,0,B
T_JOL B,62,2,41,Due - Assignment,99,Due - ?,assignment,1,S
T_JOL B,62,2,42,Number - Amount,89,Number - ?,amount,1,S
T_JOL B,62,2,43,Location - Site,32,Location - ?,site,1,S
T_JOL B,62,2,44,Dump - Waste,99,Dump - ?,waste,1,S
T_JOL B,62,2,45,Trial - Jury,89,Trial - ?,error,0,S
T_JOL B,62,2,46,Architecture - Design,12,Architecture - ?,building,0,S
T_JOL B,62,2,47,Grill -Bar,11,Grill - ?,bar,1,S
T_JOL B,62,2,48,Kidney - Liver,22,Kidney - ?,liver,1,S
T_JOL B,62,2,49,Begin - End,67,Begin - ?,end,1,S
T_JOL B,62,2,50,Blow - Wind,34,Blow - ?,air,0,S
T_JOL B,62,2,51,Pop - Soda,90,Pop - ?,soda,1,S
T_JOL B,62,2,52,Wine - Cheese,90,Wine - ?,cheese,1,S
T_JOL B,62,2,53,Bathroom - Toilet,90,Bathroom - ?,toilet,1,S
T_JOL B,62,2,54,Choice - Decision,78,Choice - ?,make,0,S
T_JOL B,62,2,55,Shoe - Foot,56,Shoe - ?,foot,1,S
T_JOL B,62,2,56,Past - Future,,Meaning - ?,word,,S
T_JOL B,62,2,57,Lettuce - Salad,67,Lettuce - ?,salad,1,S
T_JOL B,62,2,58,Honey - Bee,99,Honey - ?,bee,1,S
T_JOL B,62,2,59,Baby - Child,45,Baby - ?,child,1,S
T_JOL B,62,2,60,Circle - Round,90,Circle - ?,round,1,S
T_JOL B,62,2,61,Pusher - Clutter,12,Pusher - ?,closer,0,U
T_JOL B,62,2,62,Dietary - Sacking,12,Dietary - ?,needs,0,U
T_JOL B,62,2,63,Park - Hungry,,Park - ?,bench,0,U
T_JOL B,62,2,64,Lift - Woman,34,Lift - ?,up,0,U
T_JOL B,62,2,65,Soon - Belt,76,Soon - ?,later,0,U
T_JOL B,62,2,66,Discover - Floor,78,Discover - ?,find,0,U
T_JOL B,62,2,67,Death - Business,12,Death - ?,business,1,U
T_JOL B,62,2,68,Debate - Sight,31,Debate - ?,talk,0,U
T_JOL B,62,2,69,Artery - Bronze,12,Artery - ?,vein,0,U
T_JOL B,62,2,70,Fix - Hand,67,Fix - ?,tools,0,U
T_JOL B,62,2,71,Machine - Position,89,Machine - ?,,0,U
T_JOL B,62,2,72,Happy - Car,23,Happy - ?,car,1,U
T_JOL B,62,2,73,Allow - Tuck,12,Allow - ?,give,0,U
T_JOL B,62,2,74,Art - Lion,11,Art - ?,nice,0,U
T_JOL B,62,2,75,Strong - Accident,84,Strong - ?,fit,0,U
T_JOL B,62,2,76,Sugar - Riddle,12,Sugar - ?,high,0,U
T_JOL B,62,2,77,Valley - Add,56,Valley - ?,hill,0,U
T_JOL B,62,2,78,Cash - Would,11,Cash - ?,money,0,U
T_JOL B,62,2,79,Hide - Sick,11,Hide - ?,sick,1,U
T_JOL B,62,2,80,King - Vase,78,King - ?,people,0,U
