"","Subject","Condition","ListNum","Recall"
"25",36,"D","q1",1
"26",40,"D","q1",0
"27",44,"D","q1",0
"28",48,"D","q1",0
"29",52,"D","q1",0
"30",56,"D","q1",1
"31",60,"D","q1",1
"32",64,"D","q1",0
"33",68,"D","q1",0
"58",36,"D","q10",1
"59",40,"D","q10",0
"60",44,"D","q10",0
"61",48,"D","q10",0
"62",52,"D","q10",0
"63",56,"D","q10",0
"64",60,"D","q10",1
"65",64,"D","q10",0
"66",68,"D","q10",0
"91",36,"D","q11",1
"92",40,"D","q11",1
"93",44,"D","q11",1
"94",48,"D","q11",1
"95",52,"D","q11",1
"96",56,"D","q11",1
"97",60,"D","q11",1
"98",64,"D","q11",1
"99",68,"D","q11",0
"124",36,"D","q12",1
"125",40,"D","q12",1
"126",44,"D","q12",1
"127",48,"D","q12",0
"128",52,"D","q12",1
"129",56,"D","q12",1
"130",60,"D","q12",1
"131",64,"D","q12",1
"132",68,"D","q12",0
"157",36,"D","q13",1
"158",40,"D","q13",1
"159",44,"D","q13",1
"160",48,"D","q13",0
"161",52,"D","q13",1
"162",56,"D","q13",0
"163",60,"D","q13",1
"164",64,"D","q13",1
"165",68,"D","q13",1
"190",36,"D","q14",1
"191",40,"D","q14",1
"192",44,"D","q14",1
"193",48,"D","q14",1
"194",52,"D","q14",1
"195",56,"D","q14",1
"196",60,"D","q14",1
"197",64,"D","q14",0
"198",68,"D","q14",0
"223",36,"D","q15",1
"224",40,"D","q15",1
"225",44,"D","q15",1
"226",48,"D","q15",1
"227",52,"D","q15",1
"228",56,"D","q15",1
"229",60,"D","q15",1
"230",64,"D","q15",1
"231",68,"D","q15",0
"256",36,"D","q16",1
"257",40,"D","q16",1
"258",44,"D","q16",1
"259",48,"D","q16",0
"260",52,"D","q16",1
"261",56,"D","q16",1
"262",60,"D","q16",1
"263",64,"D","q16",0
"264",68,"D","q16",0
"289",36,"D","q17",1
"290",40,"D","q17",0
"291",44,"D","q17",1
"292",48,"D","q17",0
"293",52,"D","q17",1
"294",56,"D","q17",1
"295",60,"D","q17",0
"296",64,"D","q17",1
"297",68,"D","q17",0
"322",36,"D","q18",0
"323",40,"D","q18",1
"324",44,"D","q18",0
"325",48,"D","q18",0
"326",52,"D","q18",0
"327",56,"D","q18",1
"328",60,"D","q18",1
"329",64,"D","q18",1
"330",68,"D","q18",0
"355",36,"D","q19",1
"356",40,"D","q19",1
"357",44,"D","q19",1
"358",48,"D","q19",1
"359",52,"D","q19",1
"360",56,"D","q19",1
"361",60,"D","q19",0
"362",64,"D","q19",1
"363",68,"D","q19",0
"388",36,"D","q2",1
"389",40,"D","q2",1
"390",44,"D","q2",1
"391",48,"D","q2",1
"392",52,"D","q2",1
"393",56,"D","q2",1
"394",60,"D","q2",1
"395",64,"D","q2",1
"396",68,"D","q2",0
"421",36,"D","q20",1
"422",40,"D","q20",1
"423",44,"D","q20",1
"424",48,"D","q20",0
"425",52,"D","q20",1
"426",56,"D","q20",1
"427",60,"D","q20",1
"428",64,"D","q20",1
"429",68,"D","q20",1
"454",36,"D","q21",0
"455",40,"D","q21",0
"456",44,"D","q21",0
"457",48,"D","q21",0
"458",52,"D","q21",0
"459",56,"D","q21",0
"460",60,"D","q21",0
"461",64,"D","q21",0
"462",68,"D","q21",0
"487",36,"D","q22",0
"488",40,"D","q22",1
"489",44,"D","q22",0
"490",48,"D","q22",0
"491",52,"D","q22",0
"492",56,"D","q22",0
"493",60,"D","q22",0
"494",64,"D","q22",0
"495",68,"D","q22",0
"520",36,"D","q23",0
"521",40,"D","q23",1
"522",44,"D","q23",0
"523",48,"D","q23",0
"524",52,"D","q23",0
"525",56,"D","q23",0
"526",60,"D","q23",0
"527",64,"D","q23",0
"528",68,"D","q23",0
"553",36,"D","q24",1
"554",40,"D","q24",0
"555",44,"D","q24",0
"556",48,"D","q24",1
"557",52,"D","q24",1
"558",56,"D","q24",1
"559",60,"D","q24",0
"560",64,"D","q24",0
"561",68,"D","q24",0
"586",36,"D","q25",0
"587",40,"D","q25",0
"588",44,"D","q25",1
"589",48,"D","q25",0
"590",52,"D","q25",0
"591",56,"D","q25",0
"592",60,"D","q25",0
"593",64,"D","q25",0
"594",68,"D","q25",0
"619",36,"D","q26",1
"620",40,"D","q26",0
"621",44,"D","q26",0
"622",48,"D","q26",0
"623",52,"D","q26",0
"624",56,"D","q26",1
"625",60,"D","q26",0
"626",64,"D","q26",0
"627",68,"D","q26",0
"652",36,"D","q27",0
"653",40,"D","q27",1
"654",44,"D","q27",0
"655",48,"D","q27",1
"656",52,"D","q27",0
"657",56,"D","q27",1
"658",60,"D","q27",0
"659",64,"D","q27",1
"660",68,"D","q27",0
"685",36,"D","q28",0
"686",40,"D","q28",1
"687",44,"D","q28",0
"688",48,"D","q28",1
"689",52,"D","q28",0
"690",56,"D","q28",1
"691",60,"D","q28",1
"692",64,"D","q28",0
"693",68,"D","q28",0
"718",36,"D","q29",1
"719",40,"D","q29",0
"720",44,"D","q29",0
"721",48,"D","q29",0
"722",52,"D","q29",0
"723",56,"D","q29",1
"724",60,"D","q29",1
"725",64,"D","q29",0
"726",68,"D","q29",0
"751",36,"D","q3",0
"752",40,"D","q3",1
"753",44,"D","q3",0
"754",48,"D","q3",0
"755",52,"D","q3",1
"756",56,"D","q3",1
"757",60,"D","q3",1
"758",64,"D","q3",1
"759",68,"D","q3",0
"784",36,"D","q30",0
"785",40,"D","q30",0
"786",44,"D","q30",0
"787",48,"D","q30",0
"788",52,"D","q30",0
"789",56,"D","q30",1
"790",60,"D","q30",0
"791",64,"D","q30",0
"792",68,"D","q30",0
"817",36,"D","q31",0
"818",40,"D","q31",0
"819",44,"D","q31",0
"820",48,"D","q31",0
"821",52,"D","q31",0
"822",56,"D","q31",1
"823",60,"D","q31",0
"824",64,"D","q31",0
"825",68,"D","q31",0
"850",36,"D","q32",0
"851",40,"D","q32",1
"852",44,"D","q32",0
"853",48,"D","q32",0
"854",52,"D","q32",1
"855",56,"D","q32",1
"856",60,"D","q32",1
"857",64,"D","q32",1
"858",68,"D","q32",0
"883",36,"D","q33",0
"884",40,"D","q33",0
"885",44,"D","q33",0
"886",48,"D","q33",0
"887",52,"D","q33",0
"888",56,"D","q33",1
"889",60,"D","q33",0
"890",64,"D","q33",0
"891",68,"D","q33",0
"916",36,"D","q34",0
"917",40,"D","q34",0
"918",44,"D","q34",0
"919",48,"D","q34",0
"920",52,"D","q34",0
"921",56,"D","q34",1
"922",60,"D","q34",0
"923",64,"D","q34",0
"924",68,"D","q34",0
"949",36,"D","q35",0
"950",40,"D","q35",0
"951",44,"D","q35",0
"952",48,"D","q35",0
"953",52,"D","q35",0
"954",56,"D","q35",1
"955",60,"D","q35",0
"956",64,"D","q35",0
"957",68,"D","q35",0
"982",36,"D","q36",1
"983",40,"D","q36",1
"984",44,"D","q36",1
"985",48,"D","q36",0
"986",52,"D","q36",1
"987",56,"D","q36",0
"988",60,"D","q36",0
"989",64,"D","q36",1
"990",68,"D","q36",0
"1015",36,"D","q37",0
"1016",40,"D","q37",0
"1017",44,"D","q37",0
"1018",48,"D","q37",0
"1019",52,"D","q37",0
"1020",56,"D","q37",0
"1021",60,"D","q37",0
"1022",64,"D","q37",0
"1023",68,"D","q37",0
"1048",36,"D","q38",0
"1049",40,"D","q38",1
"1050",44,"D","q38",0
"1051",48,"D","q38",0
"1052",52,"D","q38",0
"1053",56,"D","q38",1
"1054",60,"D","q38",0
"1055",64,"D","q38",0
"1056",68,"D","q38",0
"1081",36,"D","q39",0
"1082",40,"D","q39",1
"1083",44,"D","q39",0
"1084",48,"D","q39",0
"1085",52,"D","q39",0
"1086",56,"D","q39",1
"1087",60,"D","q39",1
"1088",64,"D","q39",0
"1089",68,"D","q39",0
"1114",36,"D","q4",0
"1115",40,"D","q4",1
"1116",44,"D","q4",1
"1117",48,"D","q4",1
"1118",52,"D","q4",1
"1119",56,"D","q4",1
"1120",60,"D","q4",0
"1121",64,"D","q4",1
"1122",68,"D","q4",0
"1147",36,"D","q40",0
"1148",40,"D","q40",1
"1149",44,"D","q40",0
"1150",48,"D","q40",0
"1151",52,"D","q40",0
"1152",56,"D","q40",1
"1153",60,"D","q40",1
"1154",64,"D","q40",1
"1155",68,"D","q40",0
"1180",36,"D","q41",1
"1181",40,"D","q41",1
"1182",44,"D","q41",1
"1183",48,"D","q41",0
"1184",52,"D","q41",0
"1185",56,"D","q41",0
"1186",60,"D","q41",1
"1187",64,"D","q41",0
"1188",68,"D","q41",0
"1213",36,"D","q42",1
"1214",40,"D","q42",0
"1215",44,"D","q42",0
"1216",48,"D","q42",0
"1217",52,"D","q42",1
"1218",56,"D","q42",1
"1219",60,"D","q42",1
"1220",64,"D","q42",1
"1221",68,"D","q42",1
"1246",36,"D","q43",1
"1247",40,"D","q43",1
"1248",44,"D","q43",1
"1249",48,"D","q43",0
"1250",52,"D","q43",1
"1251",56,"D","q43",1
"1252",60,"D","q43",1
"1253",64,"D","q43",1
"1254",68,"D","q43",0
"1279",36,"D","q44",0
"1280",40,"D","q44",1
"1281",44,"D","q44",1
"1282",48,"D","q44",1
"1283",52,"D","q44",1
"1284",56,"D","q44",1
"1285",60,"D","q44",1
"1286",64,"D","q44",1
"1287",68,"D","q44",0
"1312",36,"D","q45",1
"1313",40,"D","q45",1
"1314",44,"D","q45",1
"1315",48,"D","q45",0
"1316",52,"D","q45",1
"1317",56,"D","q45",1
"1318",60,"D","q45",1
"1319",64,"D","q45",1
"1320",68,"D","q45",0
"1345",36,"D","q46",1
"1346",40,"D","q46",1
"1347",44,"D","q46",0
"1348",48,"D","q46",1
"1349",52,"D","q46",1
"1350",56,"D","q46",1
"1351",60,"D","q46",1
"1352",64,"D","q46",0
"1353",68,"D","q46",0
"1378",36,"D","q47",1
"1379",40,"D","q47",0
"1380",44,"D","q47",1
"1381",48,"D","q47",0
"1382",52,"D","q47",1
"1383",56,"D","q47",1
"1384",60,"D","q47",1
"1385",64,"D","q47",1
"1386",68,"D","q47",0
"1411",36,"D","q48",0
"1412",40,"D","q48",1
"1413",44,"D","q48",1
"1414",48,"D","q48",1
"1415",52,"D","q48",1
"1416",56,"D","q48",1
"1417",60,"D","q48",1
"1418",64,"D","q48",0
"1419",68,"D","q48",0
"1444",36,"D","q49",1
"1445",40,"D","q49",1
"1446",44,"D","q49",1
"1447",48,"D","q49",0
"1448",52,"D","q49",1
"1449",56,"D","q49",1
"1450",60,"D","q49",0
"1451",64,"D","q49",0
"1452",68,"D","q49",0
"1477",36,"D","q5",1
"1478",40,"D","q5",1
"1479",44,"D","q5",1
"1480",48,"D","q5",1
"1481",52,"D","q5",1
"1482",56,"D","q5",1
"1483",60,"D","q5",1
"1484",64,"D","q5",0
"1485",68,"D","q5",0
"1510",36,"D","q50",1
"1511",40,"D","q50",1
"1512",44,"D","q50",1
"1513",48,"D","q50",0
"1514",52,"D","q50",0
"1515",56,"D","q50",1
"1516",60,"D","q50",1
"1517",64,"D","q50",0
"1518",68,"D","q50",0
"1543",36,"D","q51",0
"1544",40,"D","q51",1
"1545",44,"D","q51",1
"1546",48,"D","q51",1
"1547",52,"D","q51",1
"1548",56,"D","q51",1
"1549",60,"D","q51",1
"1550",64,"D","q51",1
"1551",68,"D","q51",0
"1576",36,"D","q52",1
"1577",40,"D","q52",0
"1578",44,"D","q52",1
"1579",48,"D","q52",1
"1580",52,"D","q52",1
"1581",56,"D","q52",1
"1582",60,"D","q52",0
"1583",64,"D","q52",0
"1584",68,"D","q52",1
"1609",36,"D","q53",0
"1610",40,"D","q53",0
"1611",44,"D","q53",1
"1612",48,"D","q53",0
"1613",52,"D","q53",0
"1614",56,"D","q53",1
"1615",60,"D","q53",0
"1616",64,"D","q53",0
"1617",68,"D","q53",0
"1642",36,"D","q54",0
"1643",40,"D","q54",1
"1644",44,"D","q54",1
"1645",48,"D","q54",0
"1646",52,"D","q54",1
"1647",56,"D","q54",1
"1648",60,"D","q54",0
"1649",64,"D","q54",0
"1650",68,"D","q54",1
"1675",36,"D","q55",0
"1676",40,"D","q55",1
"1677",44,"D","q55",1
"1678",48,"D","q55",0
"1679",52,"D","q55",1
"1680",56,"D","q55",1
"1681",60,"D","q55",0
"1682",64,"D","q55",1
"1683",68,"D","q55",0
"1708",36,"D","q56",0
"1709",40,"D","q56",1
"1710",44,"D","q56",1
"1711",48,"D","q56",1
"1712",52,"D","q56",1
"1713",56,"D","q56",1
"1714",60,"D","q56",1
"1715",64,"D","q56",1
"1716",68,"D","q56",0
"1741",36,"D","q57",1
"1742",40,"D","q57",0
"1743",44,"D","q57",0
"1744",48,"D","q57",0
"1745",52,"D","q57",0
"1746",56,"D","q57",1
"1747",60,"D","q57",0
"1748",64,"D","q57",0
"1749",68,"D","q57",0
"1774",36,"D","q58",1
"1775",40,"D","q58",0
"1776",44,"D","q58",1
"1777",48,"D","q58",0
"1778",52,"D","q58",1
"1779",56,"D","q58",1
"1780",60,"D","q58",1
"1781",64,"D","q58",0
"1782",68,"D","q58",0
"1807",36,"D","q59",0
"1808",40,"D","q59",1
"1809",44,"D","q59",1
"1810",48,"D","q59",1
"1811",52,"D","q59",1
"1812",56,"D","q59",1
"1813",60,"D","q59",1
"1814",64,"D","q59",1
"1815",68,"D","q59",0
"1840",36,"D","q6",0
"1841",40,"D","q6",0
"1842",44,"D","q6",1
"1843",48,"D","q6",0
"1844",52,"D","q6",0
"1845",56,"D","q6",1
"1846",60,"D","q6",0
"1847",64,"D","q6",0
"1848",68,"D","q6",0
"1873",36,"D","q60",1
"1874",40,"D","q60",0
"1875",44,"D","q60",0
"1876",48,"D","q60",0
"1877",52,"D","q60",0
"1878",56,"D","q60",0
"1879",60,"D","q60",0
"1880",64,"D","q60",0
"1881",68,"D","q60",0
"1906",36,"D","q61",0
"1907",40,"D","q61",0
"1908",44,"D","q61",1
"1909",48,"D","q61",0
"1910",52,"D","q61",0
"1911",56,"D","q61",0
"1912",60,"D","q61",1
"1913",64,"D","q61",0
"1914",68,"D","q61",0
"1939",36,"D","q62",0
"1940",40,"D","q62",0
"1941",44,"D","q62",0
"1942",48,"D","q62",0
"1943",52,"D","q62",0
"1944",56,"D","q62",0
"1945",60,"D","q62",0
"1946",64,"D","q62",0
"1947",68,"D","q62",0
"1972",36,"D","q63",0
"1973",40,"D","q63",0
"1974",44,"D","q63",0
"1975",48,"D","q63",0
"1976",52,"D","q63",0
"1977",56,"D","q63",0
"1978",60,"D","q63",0
"1979",64,"D","q63",0
"1980",68,"D","q63",0
"2005",36,"D","q64",0
"2006",40,"D","q64",0
"2007",44,"D","q64",0
"2008",48,"D","q64",0
"2009",52,"D","q64",0
"2010",56,"D","q64",0
"2011",60,"D","q64",0
"2012",64,"D","q64",0
"2013",68,"D","q64",0
"2038",36,"D","q65",0
"2039",40,"D","q65",0
"2040",44,"D","q65",0
"2041",48,"D","q65",0
"2042",52,"D","q65",0
"2043",56,"D","q65",0
"2044",60,"D","q65",0
"2045",64,"D","q65",0
"2046",68,"D","q65",0
"2071",36,"D","q66",0
"2072",40,"D","q66",0
"2073",44,"D","q66",0
"2074",48,"D","q66",0
"2075",52,"D","q66",0
"2076",56,"D","q66",0
"2077",60,"D","q66",0
"2078",64,"D","q66",0
"2079",68,"D","q66",0
"2104",36,"D","q67",0
"2105",40,"D","q67",0
"2106",44,"D","q67",0
"2107",48,"D","q67",0
"2108",52,"D","q67",0
"2109",56,"D","q67",0
"2110",60,"D","q67",0
"2111",64,"D","q67",0
"2112",68,"D","q67",0
"2137",36,"D","q68",0
"2138",40,"D","q68",0
"2139",44,"D","q68",0
"2140",48,"D","q68",0
"2141",52,"D","q68",0
"2142",56,"D","q68",0
"2143",60,"D","q68",0
"2144",64,"D","q68",0
"2145",68,"D","q68",0
"2170",36,"D","q69",0
"2171",40,"D","q69",0
"2172",44,"D","q69",0
"2173",48,"D","q69",0
"2174",52,"D","q69",0
"2175",56,"D","q69",0
"2176",60,"D","q69",0
"2177",64,"D","q69",0
"2178",68,"D","q69",0
"2203",36,"D","q7",1
"2204",40,"D","q7",1
"2205",44,"D","q7",1
"2206",48,"D","q7",0
"2207",52,"D","q7",0
"2208",56,"D","q7",1
"2209",60,"D","q7",1
"2210",64,"D","q7",0
"2211",68,"D","q7",0
"2236",36,"D","q70",0
"2237",40,"D","q70",0
"2238",44,"D","q70",0
"2239",48,"D","q70",0
"2240",52,"D","q70",0
"2241",56,"D","q70",0
"2242",60,"D","q70",0
"2243",64,"D","q70",0
"2244",68,"D","q70",0
"2269",36,"D","q71",0
"2270",40,"D","q71",0
"2271",44,"D","q71",0
"2272",48,"D","q71",0
"2273",52,"D","q71",0
"2274",56,"D","q71",0
"2275",60,"D","q71",0
"2276",64,"D","q71",0
"2277",68,"D","q71",0
"2302",36,"D","q72",1
"2303",40,"D","q72",1
"2304",44,"D","q72",0
"2305",48,"D","q72",1
"2306",52,"D","q72",1
"2307",56,"D","q72",0
"2308",60,"D","q72",0
"2309",64,"D","q72",0
"2310",68,"D","q72",1
"2335",36,"D","q73",0
"2336",40,"D","q73",0
"2337",44,"D","q73",1
"2338",48,"D","q73",0
"2339",52,"D","q73",0
"2340",56,"D","q73",0
"2341",60,"D","q73",0
"2342",64,"D","q73",0
"2343",68,"D","q73",0
"2368",36,"D","q74",0
"2369",40,"D","q74",0
"2370",44,"D","q74",0
"2371",48,"D","q74",0
"2372",52,"D","q74",0
"2373",56,"D","q74",0
"2374",60,"D","q74",0
"2375",64,"D","q74",0
"2376",68,"D","q74",0
"2401",36,"D","q75",0
"2402",40,"D","q75",0
"2403",44,"D","q75",0
"2404",48,"D","q75",0
"2405",52,"D","q75",0
"2406",56,"D","q75",0
"2407",60,"D","q75",0
"2408",64,"D","q75",0
"2409",68,"D","q75",0
"2434",36,"D","q76",0
"2435",40,"D","q76",0
"2436",44,"D","q76",0
"2437",48,"D","q76",0
"2438",52,"D","q76",0
"2439",56,"D","q76",1
"2440",60,"D","q76",0
"2441",64,"D","q76",0
"2442",68,"D","q76",0
"2467",36,"D","q77",0
"2468",40,"D","q77",0
"2469",44,"D","q77",0
"2470",48,"D","q77",0
"2471",52,"D","q77",0
"2472",56,"D","q77",0
"2473",60,"D","q77",0
"2474",64,"D","q77",0
"2475",68,"D","q77",0
"2500",36,"D","q78",1
"2501",40,"D","q78",1
"2502",44,"D","q78",1
"2503",48,"D","q78",1
"2504",52,"D","q78",1
"2505",56,"D","q78",1
"2506",60,"D","q78",0
"2507",64,"D","q78",0
"2508",68,"D","q78",0
"2533",36,"D","q79",0
"2534",40,"D","q79",0
"2535",44,"D","q79",0
"2536",48,"D","q79",0
"2537",52,"D","q79",0
"2538",56,"D","q79",1
"2539",60,"D","q79",0
"2540",64,"D","q79",0
"2541",68,"D","q79",0
"2566",36,"D","q8",0
"2567",40,"D","q8",1
"2568",44,"D","q8",0
"2569",48,"D","q8",0
"2570",52,"D","q8",1
"2571",56,"D","q8",1
"2572",60,"D","q8",1
"2573",64,"D","q8",1
"2574",68,"D","q8",1
"2599",36,"D","q80",0
"2600",40,"D","q80",0
"2601",44,"D","q80",0
"2602",48,"D","q80",0
"2603",52,"D","q80",1
"2604",56,"D","q80",0
"2605",60,"D","q80",0
"2606",64,"D","q80",0
"2607",68,"D","q80",0
"2632",36,"D","q9",1
"2633",40,"D","q9",1
"2634",44,"D","q9",1
"2635",48,"D","q9",1
"2636",52,"D","q9",1
"2637",56,"D","q9",1
"2638",60,"D","q9",1
"2639",64,"D","q9",1
"2640",68,"D","q9",0
"2665",36,"D","q1.1",1
"2666",40,"D","q1.1",1
"2667",44,"D","q1.1",0
"2668",48,"D","q1.1",0
"2669",52,"D","q1.1",0
"2670",56,"D","q1.1",1
"2671",60,"D","q1.1",1
"2672",64,"D","q1.1",1
"2673",68,"D","q1.1",0
"2698",36,"D","q10.1",1
"2699",40,"D","q10.1",0
"2700",44,"D","q10.1",0
"2701",48,"D","q10.1",1
"2702",52,"D","q10.1",1
"2703",56,"D","q10.1",1
"2704",60,"D","q10.1",1
"2705",64,"D","q10.1",1
"2706",68,"D","q10.1",0
"2731",36,"D","q11.1",1
"2732",40,"D","q11.1",0
"2733",44,"D","q11.1",1
"2734",48,"D","q11.1",0
"2735",52,"D","q11.1",0
"2736",56,"D","q11.1",1
"2737",60,"D","q11.1",0
"2738",64,"D","q11.1",0
"2739",68,"D","q11.1",0
"2764",36,"D","q12.1",0
"2765",40,"D","q12.1",1
"2766",44,"D","q12.1",1
"2767",48,"D","q12.1",1
"2768",52,"D","q12.1",0
"2769",56,"D","q12.1",1
"2770",60,"D","q12.1",1
"2771",64,"D","q12.1",0
"2772",68,"D","q12.1",0
"2797",36,"D","q13.1",1
"2798",40,"D","q13.1",1
"2799",44,"D","q13.1",1
"2800",48,"D","q13.1",1
"2801",52,"D","q13.1",1
"2802",56,"D","q13.1",1
"2803",60,"D","q13.1",1
"2804",64,"D","q13.1",1
"2805",68,"D","q13.1",0
"2830",36,"D","q14.1",1
"2831",40,"D","q14.1",1
"2832",44,"D","q14.1",1
"2833",48,"D","q14.1",0
"2834",52,"D","q14.1",0
"2835",56,"D","q14.1",1
"2836",60,"D","q14.1",1
"2837",64,"D","q14.1",1
"2838",68,"D","q14.1",0
"2863",36,"D","q15.1",1
"2864",40,"D","q15.1",0
"2865",44,"D","q15.1",1
"2866",48,"D","q15.1",0
"2867",52,"D","q15.1",0
"2868",56,"D","q15.1",1
"2869",60,"D","q15.1",0
"2870",64,"D","q15.1",0
"2871",68,"D","q15.1",0
"2896",36,"D","q16.1",1
"2897",40,"D","q16.1",0
"2898",44,"D","q16.1",1
"2899",48,"D","q16.1",1
"2900",52,"D","q16.1",1
"2901",56,"D","q16.1",1
"2902",60,"D","q16.1",1
"2903",64,"D","q16.1",1
"2904",68,"D","q16.1",0
"2929",36,"D","q17.1",1
"2930",40,"D","q17.1",0
"2931",44,"D","q17.1",1
"2932",48,"D","q17.1",0
"2933",52,"D","q17.1",1
"2934",56,"D","q17.1",1
"2935",60,"D","q17.1",1
"2936",64,"D","q17.1",0
"2937",68,"D","q17.1",0
"2962",36,"D","q18.1",1
"2963",40,"D","q18.1",1
"2964",44,"D","q18.1",1
"2965",48,"D","q18.1",1
"2966",52,"D","q18.1",0
"2967",56,"D","q18.1",1
"2968",60,"D","q18.1",1
"2969",64,"D","q18.1",1
"2970",68,"D","q18.1",0
"2995",36,"D","q19.1",1
"2996",40,"D","q19.1",1
"2997",44,"D","q19.1",1
"2998",48,"D","q19.1",1
"2999",52,"D","q19.1",1
"3000",56,"D","q19.1",1
"3001",60,"D","q19.1",1
"3002",64,"D","q19.1",0
"3003",68,"D","q19.1",0
"3028",36,"D","q2.1",1
"3029",40,"D","q2.1",1
"3030",44,"D","q2.1",1
"3031",48,"D","q2.1",0
"3032",52,"D","q2.1",1
"3033",56,"D","q2.1",1
"3034",60,"D","q2.1",0
"3035",64,"D","q2.1",0
"3036",68,"D","q2.1",0
"3061",36,"D","q20.1",1
"3062",40,"D","q20.1",1
"3063",44,"D","q20.1",1
"3064",48,"D","q20.1",0
"3065",52,"D","q20.1",1
"3066",56,"D","q20.1",1
"3067",60,"D","q20.1",0
"3068",64,"D","q20.1",0
"3069",68,"D","q20.1",0
"3094",36,"D","q21.1",1
"3095",40,"D","q21.1",0
"3096",44,"D","q21.1",0
"3097",48,"D","q21.1",0
"3098",52,"D","q21.1",0
"3099",56,"D","q21.1",1
"3100",60,"D","q21.1",0
"3101",64,"D","q21.1",0
"3102",68,"D","q21.1",0
"3127",36,"D","q22.1",0
"3128",40,"D","q22.1",1
"3129",44,"D","q22.1",0
"3130",48,"D","q22.1",1
"3131",52,"D","q22.1",0
"3132",56,"D","q22.1",0
"3133",60,"D","q22.1",0
"3134",64,"D","q22.1",0
"3135",68,"D","q22.1",0
"3160",36,"D","q23.1",0
"3161",40,"D","q23.1",1
"3162",44,"D","q23.1",0
"3163",48,"D","q23.1",0
"3164",52,"D","q23.1",0
"3165",56,"D","q23.1",0
"3166",60,"D","q23.1",0
"3167",64,"D","q23.1",0
"3168",68,"D","q23.1",0
"3193",36,"D","q24.1",0
"3194",40,"D","q24.1",0
"3195",44,"D","q24.1",0
"3196",48,"D","q24.1",0
"3197",52,"D","q24.1",0
"3198",56,"D","q24.1",1
"3199",60,"D","q24.1",0
"3200",64,"D","q24.1",1
"3201",68,"D","q24.1",0
"3226",36,"D","q25.1",0
"3227",40,"D","q25.1",0
"3228",44,"D","q25.1",1
"3229",48,"D","q25.1",0
"3230",52,"D","q25.1",0
"3231",56,"D","q25.1",0
"3232",60,"D","q25.1",0
"3233",64,"D","q25.1",0
"3234",68,"D","q25.1",0
"3259",36,"D","q26.1",0
"3260",40,"D","q26.1",0
"3261",44,"D","q26.1",0
"3262",48,"D","q26.1",0
"3263",52,"D","q26.1",0
"3264",56,"D","q26.1",0
"3265",60,"D","q26.1",0
"3266",64,"D","q26.1",0
"3267",68,"D","q26.1",0
"3292",36,"D","q27.1",0
"3293",40,"D","q27.1",0
"3294",44,"D","q27.1",0
"3295",48,"D","q27.1",0
"3296",52,"D","q27.1",0
"3297",56,"D","q27.1",1
"3298",60,"D","q27.1",0
"3299",64,"D","q27.1",0
"3300",68,"D","q27.1",0
"3325",36,"D","q28.1",0
"3326",40,"D","q28.1",0
"3327",44,"D","q28.1",0
"3328",48,"D","q28.1",1
"3329",52,"D","q28.1",0
"3330",56,"D","q28.1",0
"3331",60,"D","q28.1",0
"3332",64,"D","q28.1",0
"3333",68,"D","q28.1",0
"3358",36,"D","q29.1",0
"3359",40,"D","q29.1",1
"3360",44,"D","q29.1",0
"3361",48,"D","q29.1",1
"3362",52,"D","q29.1",1
"3363",56,"D","q29.1",1
"3364",60,"D","q29.1",1
"3365",64,"D","q29.1",1
"3366",68,"D","q29.1",0
"3391",36,"D","q3.1",1
"3392",40,"D","q3.1",1
"3393",44,"D","q3.1",1
"3394",48,"D","q3.1",0
"3395",52,"D","q3.1",1
"3396",56,"D","q3.1",1
"3397",60,"D","q3.1",1
"3398",64,"D","q3.1",1
"3399",68,"D","q3.1",0
"3424",36,"D","q30.1",1
"3425",40,"D","q30.1",0
"3426",44,"D","q30.1",0
"3427",48,"D","q30.1",0
"3428",52,"D","q30.1",0
"3429",56,"D","q30.1",1
"3430",60,"D","q30.1",0
"3431",64,"D","q30.1",1
"3432",68,"D","q30.1",0
"3457",36,"D","q31.1",0
"3458",40,"D","q31.1",1
"3459",44,"D","q31.1",0
"3460",48,"D","q31.1",0
"3461",52,"D","q31.1",0
"3462",56,"D","q31.1",0
"3463",60,"D","q31.1",0
"3464",64,"D","q31.1",0
"3465",68,"D","q31.1",0
"3490",36,"D","q32.1",0
"3491",40,"D","q32.1",0
"3492",44,"D","q32.1",0
"3493",48,"D","q32.1",0
"3494",52,"D","q32.1",0
"3495",56,"D","q32.1",0
"3496",60,"D","q32.1",0
"3497",64,"D","q32.1",0
"3498",68,"D","q32.1",0
"3523",36,"D","q33.1",0
"3524",40,"D","q33.1",0
"3525",44,"D","q33.1",1
"3526",48,"D","q33.1",1
"3527",52,"D","q33.1",1
"3528",56,"D","q33.1",1
"3529",60,"D","q33.1",0
"3530",64,"D","q33.1",0
"3531",68,"D","q33.1",0
"3556",36,"D","q34.1",1
"3557",40,"D","q34.1",0
"3558",44,"D","q34.1",0
"3559",48,"D","q34.1",0
"3560",52,"D","q34.1",0
"3561",56,"D","q34.1",1
"3562",60,"D","q34.1",1
"3563",64,"D","q34.1",1
"3564",68,"D","q34.1",0
"3589",36,"D","q35.1",0
"3590",40,"D","q35.1",0
"3591",44,"D","q35.1",0
"3592",48,"D","q35.1",0
"3593",52,"D","q35.1",0
"3594",56,"D","q35.1",1
"3595",60,"D","q35.1",0
"3596",64,"D","q35.1",0
"3597",68,"D","q35.1",0
"3622",36,"D","q36.1",0
"3623",40,"D","q36.1",0
"3624",44,"D","q36.1",1
"3625",48,"D","q36.1",0
"3626",52,"D","q36.1",0
"3627",56,"D","q36.1",0
"3628",60,"D","q36.1",0
"3629",64,"D","q36.1",0
"3630",68,"D","q36.1",0
"3655",36,"D","q37.1",0
"3656",40,"D","q37.1",0
"3657",44,"D","q37.1",1
"3658",48,"D","q37.1",1
"3659",52,"D","q37.1",0
"3660",56,"D","q37.1",1
"3661",60,"D","q37.1",1
"3662",64,"D","q37.1",0
"3663",68,"D","q37.1",0
"3688",36,"D","q38.1",0
"3689",40,"D","q38.1",0
"3690",44,"D","q38.1",0
"3691",48,"D","q38.1",0
"3692",52,"D","q38.1",0
"3693",56,"D","q38.1",1
"3694",60,"D","q38.1",1
"3695",64,"D","q38.1",0
"3696",68,"D","q38.1",0
"3721",36,"D","q39.1",0
"3722",40,"D","q39.1",0
"3723",44,"D","q39.1",0
"3724",48,"D","q39.1",1
"3725",52,"D","q39.1",0
"3726",56,"D","q39.1",1
"3727",60,"D","q39.1",1
"3728",64,"D","q39.1",0
"3729",68,"D","q39.1",0
"3754",36,"D","q4.1",0
"3755",40,"D","q4.1",0
"3756",44,"D","q4.1",1
"3757",48,"D","q4.1",0
"3758",52,"D","q4.1",0
"3759",56,"D","q4.1",0
"3760",60,"D","q4.1",1
"3761",64,"D","q4.1",0
"3762",68,"D","q4.1",0
"3787",36,"D","q40.1",0
"3788",40,"D","q40.1",0
"3789",44,"D","q40.1",1
"3790",48,"D","q40.1",0
"3791",52,"D","q40.1",0
"3792",56,"D","q40.1",1
"3793",60,"D","q40.1",0
"3794",64,"D","q40.1",0
"3795",68,"D","q40.1",0
"3820",36,"D","q41.1",1
"3821",40,"D","q41.1",0
"3822",44,"D","q41.1",1
"3823",48,"D","q41.1",1
"3824",52,"D","q41.1",1
"3825",56,"D","q41.1",1
"3826",60,"D","q41.1",1
"3827",64,"D","q41.1",1
"3828",68,"D","q41.1",0
"3853",36,"D","q42.1",0
"3854",40,"D","q42.1",0
"3855",44,"D","q42.1",0
"3856",48,"D","q42.1",0
"3857",52,"D","q42.1",0
"3858",56,"D","q42.1",0
"3859",60,"D","q42.1",0
"3860",64,"D","q42.1",0
"3861",68,"D","q42.1",0
"3886",36,"D","q43.1",0
"3887",40,"D","q43.1",0
"3888",44,"D","q43.1",0
"3889",48,"D","q43.1",0
"3890",52,"D","q43.1",0
"3891",56,"D","q43.1",0
"3892",60,"D","q43.1",0
"3893",64,"D","q43.1",1
"3894",68,"D","q43.1",0
"3919",36,"D","q44.1",1
"3920",40,"D","q44.1",0
"3921",44,"D","q44.1",0
"3922",48,"D","q44.1",0
"3923",52,"D","q44.1",0
"3924",56,"D","q44.1",1
"3925",60,"D","q44.1",0
"3926",64,"D","q44.1",0
"3927",68,"D","q44.1",0
"3952",36,"D","q45.1",1
"3953",40,"D","q45.1",0
"3954",44,"D","q45.1",1
"3955",48,"D","q45.1",0
"3956",52,"D","q45.1",0
"3957",56,"D","q45.1",1
"3958",60,"D","q45.1",1
"3959",64,"D","q45.1",0
"3960",68,"D","q45.1",0
"3985",36,"D","q46.1",0
"3986",40,"D","q46.1",1
"3987",44,"D","q46.1",0
"3988",48,"D","q46.1",0
"3989",52,"D","q46.1",0
"3990",56,"D","q46.1",1
"3991",60,"D","q46.1",0
"3992",64,"D","q46.1",0
"3993",68,"D","q46.1",0
"4018",36,"D","q47.1",1
"4019",40,"D","q47.1",0
"4020",44,"D","q47.1",1
"4021",48,"D","q47.1",0
"4022",52,"D","q47.1",0
"4023",56,"D","q47.1",1
"4024",60,"D","q47.1",1
"4025",64,"D","q47.1",0
"4026",68,"D","q47.1",0
"4051",36,"D","q48.1",1
"4052",40,"D","q48.1",1
"4053",44,"D","q48.1",1
"4054",48,"D","q48.1",1
"4055",52,"D","q48.1",1
"4056",56,"D","q48.1",1
"4057",60,"D","q48.1",1
"4058",64,"D","q48.1",1
"4059",68,"D","q48.1",0
"4084",36,"D","q49.1",0
"4085",40,"D","q49.1",0
"4086",44,"D","q49.1",0
"4087",48,"D","q49.1",1
"4088",52,"D","q49.1",0
"4089",56,"D","q49.1",1
"4090",60,"D","q49.1",1
"4091",64,"D","q49.1",0
"4092",68,"D","q49.1",1
"4117",36,"D","q5.1",0
"4118",40,"D","q5.1",0
"4119",44,"D","q5.1",1
"4120",48,"D","q5.1",0
"4121",52,"D","q5.1",0
"4122",56,"D","q5.1",1
"4123",60,"D","q5.1",1
"4124",64,"D","q5.1",1
"4125",68,"D","q5.1",0
"4150",36,"D","q50.1",1
"4151",40,"D","q50.1",1
"4152",44,"D","q50.1",0
"4153",48,"D","q50.1",0
"4154",52,"D","q50.1",1
"4155",56,"D","q50.1",1
"4156",60,"D","q50.1",1
"4157",64,"D","q50.1",0
"4158",68,"D","q50.1",0
"4183",36,"D","q51.1",1
"4184",40,"D","q51.1",1
"4185",44,"D","q51.1",1
"4186",48,"D","q51.1",1
"4187",52,"D","q51.1",1
"4188",56,"D","q51.1",1
"4189",60,"D","q51.1",1
"4190",64,"D","q51.1",1
"4191",68,"D","q51.1",0
"4216",36,"D","q52.1",1
"4217",40,"D","q52.1",1
"4218",44,"D","q52.1",1
"4219",48,"D","q52.1",1
"4220",52,"D","q52.1",1
"4221",56,"D","q52.1",1
"4222",60,"D","q52.1",0
"4223",64,"D","q52.1",0
"4224",68,"D","q52.1",0
"4249",36,"D","q53.1",1
"4250",40,"D","q53.1",0
"4251",44,"D","q53.1",1
"4252",48,"D","q53.1",1
"4253",52,"D","q53.1",0
"4254",56,"D","q53.1",1
"4255",60,"D","q53.1",1
"4256",64,"D","q53.1",0
"4257",68,"D","q53.1",0
"4282",36,"D","q54.1",0
"4283",40,"D","q54.1",0
"4284",44,"D","q54.1",0
"4285",48,"D","q54.1",0
"4286",52,"D","q54.1",0
"4287",56,"D","q54.1",1
"4288",60,"D","q54.1",1
"4289",64,"D","q54.1",0
"4290",68,"D","q54.1",1
"4315",36,"D","q55.1",1
"4316",40,"D","q55.1",0
"4317",44,"D","q55.1",1
"4318",48,"D","q55.1",1
"4319",52,"D","q55.1",0
"4320",56,"D","q55.1",1
"4321",60,"D","q55.1",0
"4322",64,"D","q55.1",1
"4323",68,"D","q55.1",0
"4348",36,"D","q56.1",1
"4349",40,"D","q56.1",0
"4350",44,"D","q56.1",1
"4351",48,"D","q56.1",1
"4352",52,"D","q56.1",1
"4353",56,"D","q56.1",1
"4354",60,"D","q56.1",1
"4355",64,"D","q56.1",0
"4356",68,"D","q56.1",1
"4381",36,"D","q57.1",0
"4382",40,"D","q57.1",1
"4383",44,"D","q57.1",1
"4384",48,"D","q57.1",1
"4385",52,"D","q57.1",0
"4386",56,"D","q57.1",1
"4387",60,"D","q57.1",0
"4388",64,"D","q57.1",1
"4389",68,"D","q57.1",0
"4414",36,"D","q58.1",0
"4415",40,"D","q58.1",0
"4416",44,"D","q58.1",0
"4417",48,"D","q58.1",1
"4418",52,"D","q58.1",1
"4419",56,"D","q58.1",1
"4420",60,"D","q58.1",1
"4421",64,"D","q58.1",0
"4422",68,"D","q58.1",0
"4447",36,"D","q59.1",1
"4448",40,"D","q59.1",0
"4449",44,"D","q59.1",0
"4450",48,"D","q59.1",0
"4451",52,"D","q59.1",0
"4452",56,"D","q59.1",1
"4453",60,"D","q59.1",1
"4454",64,"D","q59.1",0
"4455",68,"D","q59.1",0
"4480",36,"D","q6.1",0
"4481",40,"D","q6.1",0
"4482",44,"D","q6.1",0
"4483",48,"D","q6.1",0
"4484",52,"D","q6.1",0
"4485",56,"D","q6.1",0
"4486",60,"D","q6.1",0
"4487",64,"D","q6.1",0
"4488",68,"D","q6.1",0
"4513",36,"D","q60.1",0
"4514",40,"D","q60.1",1
"4515",44,"D","q60.1",0
"4516",48,"D","q60.1",1
"4517",52,"D","q60.1",1
"4518",56,"D","q60.1",1
"4519",60,"D","q60.1",1
"4520",64,"D","q60.1",0
"4521",68,"D","q60.1",0
"4546",36,"D","q61.1",0
"4547",40,"D","q61.1",0
"4548",44,"D","q61.1",0
"4549",48,"D","q61.1",0
"4550",52,"D","q61.1",0
"4551",56,"D","q61.1",0
"4552",60,"D","q61.1",0
"4553",64,"D","q61.1",0
"4554",68,"D","q61.1",0
"4579",36,"D","q62.1",0
"4580",40,"D","q62.1",0
"4581",44,"D","q62.1",0
"4582",48,"D","q62.1",0
"4583",52,"D","q62.1",0
"4584",56,"D","q62.1",0
"4585",60,"D","q62.1",0
"4586",64,"D","q62.1",0
"4587",68,"D","q62.1",0
"4612",36,"D","q63.1",0
"4613",40,"D","q63.1",0
"4614",44,"D","q63.1",0
"4615",48,"D","q63.1",0
"4616",52,"D","q63.1",0
"4617",56,"D","q63.1",0
"4618",60,"D","q63.1",0
"4619",64,"D","q63.1",0
"4620",68,"D","q63.1",0
"4645",36,"D","q64.1",0
"4646",40,"D","q64.1",0
"4647",44,"D","q64.1",0
"4648",48,"D","q64.1",0
"4649",52,"D","q64.1",0
"4650",56,"D","q64.1",1
"4651",60,"D","q64.1",1
"4652",64,"D","q64.1",0
"4653",68,"D","q64.1",0
"4678",36,"D","q65.1",0
"4679",40,"D","q65.1",0
"4680",44,"D","q65.1",0
"4681",48,"D","q65.1",0
"4682",52,"D","q65.1",0
"4683",56,"D","q65.1",0
"4684",60,"D","q65.1",0
"4685",64,"D","q65.1",0
"4686",68,"D","q65.1",0
"4711",36,"D","q66.1",0
"4712",40,"D","q66.1",0
"4713",44,"D","q66.1",0
"4714",48,"D","q66.1",0
"4715",52,"D","q66.1",0
"4716",56,"D","q66.1",0
"4717",60,"D","q66.1",0
"4718",64,"D","q66.1",0
"4719",68,"D","q66.1",0
"4744",36,"D","q67.1",0
"4745",40,"D","q67.1",0
"4746",44,"D","q67.1",0
"4747",48,"D","q67.1",0
"4748",52,"D","q67.1",0
"4749",56,"D","q67.1",0
"4750",60,"D","q67.1",0
"4751",64,"D","q67.1",0
"4752",68,"D","q67.1",0
"4777",36,"D","q68.1",0
"4778",40,"D","q68.1",0
"4779",44,"D","q68.1",0
"4780",48,"D","q68.1",0
"4781",52,"D","q68.1",0
"4782",56,"D","q68.1",0
"4783",60,"D","q68.1",0
"4784",64,"D","q68.1",0
"4785",68,"D","q68.1",0
"4810",36,"D","q69.1",0
"4811",40,"D","q69.1",0
"4812",44,"D","q69.1",0
"4813",48,"D","q69.1",0
"4814",52,"D","q69.1",0
"4815",56,"D","q69.1",0
"4816",60,"D","q69.1",0
"4817",64,"D","q69.1",0
"4818",68,"D","q69.1",0
"4843",36,"D","q7.1",0
"4844",40,"D","q7.1",0
"4845",44,"D","q7.1",1
"4846",48,"D","q7.1",0
"4847",52,"D","q7.1",0
"4848",56,"D","q7.1",1
"4849",60,"D","q7.1",0
"4850",64,"D","q7.1",1
"4851",68,"D","q7.1",0
"4876",36,"D","q70.1",0
"4877",40,"D","q70.1",0
"4878",44,"D","q70.1",0
"4879",48,"D","q70.1",0
"4880",52,"D","q70.1",0
"4881",56,"D","q70.1",0
"4882",60,"D","q70.1",0
"4883",64,"D","q70.1",0
"4884",68,"D","q70.1",0
"4909",36,"D","q71.1",0
"4910",40,"D","q71.1",0
"4911",44,"D","q71.1",0
"4912",48,"D","q71.1",0
"4913",52,"D","q71.1",0
"4914",56,"D","q71.1",0
"4915",60,"D","q71.1",0
"4916",64,"D","q71.1",0
"4917",68,"D","q71.1",0
"4942",36,"D","q72.1",0
"4943",40,"D","q72.1",0
"4944",44,"D","q72.1",0
"4945",48,"D","q72.1",1
"4946",52,"D","q72.1",0
"4947",56,"D","q72.1",0
"4948",60,"D","q72.1",0
"4949",64,"D","q72.1",0
"4950",68,"D","q72.1",0
"4975",36,"D","q73.1",1
"4976",40,"D","q73.1",0
"4977",44,"D","q73.1",0
"4978",48,"D","q73.1",0
"4979",52,"D","q73.1",0
"4980",56,"D","q73.1",0
"4981",60,"D","q73.1",0
"4982",64,"D","q73.1",0
"4983",68,"D","q73.1",0
"5008",36,"D","q74.1",1
"5009",40,"D","q74.1",0
"5010",44,"D","q74.1",1
"5011",48,"D","q74.1",0
"5012",52,"D","q74.1",0
"5013",56,"D","q74.1",1
"5014",60,"D","q74.1",1
"5015",64,"D","q74.1",0
"5016",68,"D","q74.1",0
"5041",36,"D","q75.1",0
"5042",40,"D","q75.1",0
"5043",44,"D","q75.1",0
"5044",48,"D","q75.1",0
"5045",52,"D","q75.1",0
"5046",56,"D","q75.1",0
"5047",60,"D","q75.1",0
"5048",64,"D","q75.1",1
"5049",68,"D","q75.1",0
"5074",36,"D","q76.1",0
"5075",40,"D","q76.1",0
"5076",44,"D","q76.1",0
"5077",48,"D","q76.1",0
"5078",52,"D","q76.1",0
"5079",56,"D","q76.1",0
"5080",60,"D","q76.1",0
"5081",64,"D","q76.1",0
"5082",68,"D","q76.1",0
"5107",36,"D","q77.1",0
"5108",40,"D","q77.1",0
"5109",44,"D","q77.1",0
"5110",48,"D","q77.1",0
"5111",52,"D","q77.1",0
"5112",56,"D","q77.1",0
"5113",60,"D","q77.1",0
"5114",64,"D","q77.1",0
"5115",68,"D","q77.1",0
"5140",36,"D","q78.1",0
"5141",40,"D","q78.1",0
"5142",44,"D","q78.1",0
"5143",48,"D","q78.1",0
"5144",52,"D","q78.1",0
"5145",56,"D","q78.1",0
"5146",60,"D","q78.1",0
"5147",64,"D","q78.1",0
"5148",68,"D","q78.1",0
"5173",36,"D","q79.1",0
"5174",40,"D","q79.1",0
"5175",44,"D","q79.1",0
"5176",48,"D","q79.1",0
"5177",52,"D","q79.1",0
"5178",56,"D","q79.1",0
"5179",60,"D","q79.1",0
"5180",64,"D","q79.1",0
"5181",68,"D","q79.1",0
"5206",36,"D","q8.1",1
"5207",40,"D","q8.1",0
"5208",44,"D","q8.1",1
"5209",48,"D","q8.1",1
"5210",52,"D","q8.1",1
"5211",56,"D","q8.1",1
"5212",60,"D","q8.1",1
"5213",64,"D","q8.1",0
"5214",68,"D","q8.1",0
"5239",36,"D","q80.1",0
"5240",40,"D","q80.1",0
"5241",44,"D","q80.1",0
"5242",48,"D","q80.1",0
"5243",52,"D","q80.1",0
"5244",56,"D","q80.1",1
"5245",60,"D","q80.1",0
"5246",64,"D","q80.1",0
"5247",68,"D","q80.1",0
"5272",36,"D","q9.1",1
"5273",40,"D","q9.1",1
"5274",44,"D","q9.1",1
"5275",48,"D","q9.1",1
"5276",52,"D","q9.1",0
"5277",56,"D","q9.1",1
"5278",60,"D","q9.1",1
"5279",64,"D","q9.1",1
"5280",68,"D","q9.1",0
