ExperimentName,Subject,Block,Prompt,ListNum,Procedure[Trial],JOL,Cue-Target,Response,Correct?,Direction,,,JOL_Bin,SDEV,n,lower,Average,upper
D_JOL A,73,1,Dietary - Sacking,62,StudyProc3,0,Dietary - ?,,0,U,,,0,0.332562898,167,0.075308903,0.125748503,0.176188103
D_JOL A,73,1,Park - Hungry,63,StudyProc3,0,Park - ?,car,0,U,,,10,0.317133964,151,0.061999109,0.112582781,0.163166454
D_JOL A,73,1,Art - Lion,74,StudyProc3,0,Art - ?,,0,U,,,20,0.3665289,45,0.116855429,0.155555556,0.194255682
D_JOL A,73,1,Hide - Sick,79,StudyProc3,0,Hide - ?,seek,0,U,,,30,0.132453236,57,-0.016842105,0.01754386,0.051929825
D_JOL A,73,1,King - Vase,80,StudyProc3,0,King - ?,,0,U,,,40,0.320256308,27,0.140068189,0.260869565,0.381670941
D_JOL B,74,1,Fuzzy - Bang,72,StudyProc5,0,Fuzzy - ?,bear,0,U,,,50,0.361216165,79,0.072244347,0.151898734,0.231553122
D_JOL B,74,2,Allow - Tuck,73,StudyProc3,0,Allow - ?,accept,0,U,,,60,0.23570226,18,-0.053333333,0.055555556,0.164444444
D_JOL A,77,1,Pusher - Clutter,61,StudyProc3,0,Pusher - ?,blank,0,U,,,70,0.389249472,12,-0.053571955,0.166666667,0.386905288
D_JOL A,77,1,Dietary - Sacking,62,StudyProc3,0,Dietary - ?,artery,0,U,,,80,0.389249472,12,-0.053571955,0.166666667,0.386905288
D_JOL A,77,1,Death - Business,67,StudyProc3,0,Death - ?,living,0,U,,,90,0.267500188,130,0.030938893,0.076923077,0.122907261
D_JOL A,77,1,Sugar - Riddle,76,StudyProc3,0,Sugar - ?,cane,0,U,,,100,0.478713554,33,0.17,0.333333333,0.496666667
D_JOL A,77,1,Hide - Sick,79,StudyProc3,0,Hide - ?,sick,1,U,,,,,,,,
D_JOL B,78,2,Lift - Woman,64,StudyProc3,0,Lift - ?,woman,1,U,,,,,,,,
D_JOL C,79,2,Cloth - Stretch,61,StudyProc5,0,Cloth - ?,,0,U,,,,,,,,
D_JOL C,79,2,Election - Maze,62,StudyProc5,0,Election - ?,,0,U,,,,,,,,
D_JOL C,79,2,Charm - Vehicle,63,StudyProc5,0,Charm - ?,,0,U,,,,,,,,
D_JOL C,79,2,Obtain - Meat,64,StudyProc5,0,Obtain - ?,,0,U,,,,,,,,
D_JOL C,79,2,Shake - Shell,66,StudyProc5,0,Shake - ?,,0,U,,,,,,,,
D_JOL C,79,2,Fiction - Listen,67,StudyProc5,0,Fiction - ?,LISTEN,1,U,,,,,,,,
D_JOL C,79,2,Joke - Keys,68,StudyProc5,0,Joke - ?,,0,U,,,,,,,,
D_JOL C,79,2,Hate - Name,69,StudyProc5,0,Hate - ?,,0,U,,,,,,,,
D_JOL C,79,2,Bang - Fuzzy,70,StudyProc5,0,Bang - ?,,0,U,,,,,,,,
D_JOL C,79,2,Clear - Moat,71,StudyProc5,0,Clear - ?,,0,U,,,,,,,,
D_JOL C,79,2,Toil - Lease,75,StudyProc5,0,Toil - ?,,0,U,,,,,,,,
D_JOL C,79,2,Sign - Loan,76,StudyProc5,0,Sign - ?,,0,U,,,,,,,,
D_JOL C,79,2,Ounce - Both,77,StudyProc5,0,Ounce - ?,BOTH,1,U,,,,,,,,
D_JOL C,79,1,Clutter - Pusher,61,StudyProc3,0,Clutter - ?,,0,U,,,,,,,,
D_JOL C,79,1,Sacking - Dietary,62,StudyProc3,0,Sacking - ?,,0,U,,,,,,,,
D_JOL C,79,1,Hungry - Park,63,StudyProc3,0,Hungry - ?,PAR,1,U,,,,,,,,
D_JOL C,79,1,Woman - Lift,64,StudyProc3,0,Woman - ?,LIFT,1,U,,,,,,,,
D_JOL C,79,1,Belt - Soon,65,StudyProc3,0,Belt - ?,LOCK,0,U,,,,,,,,
D_JOL C,79,1,Floor - Discover,66,StudyProc3,0,Floor - ?,DISCOVER,1,U,,,,,,,,
D_JOL C,79,1,Business - Death,67,StudyProc3,0,Business - ?,,0,U,,,,,,,,
D_JOL C,79,1,Sight - Debate,68,StudyProc3,0,Sight - ?,,0,U,,,,,,,,
D_JOL C,79,1,Bronze - Artery,69,StudyProc3,0,Bronze - ?,,0,U,,,,,,,,
D_JOL C,79,1,Hand - Fix,70,StudyProc3,0,Hand - ?,FIX,1,U,,,,,,,,
D_JOL C,79,1,Position - Machine,71,StudyProc3,0,Position - ?,MACHINE,1,U,,,,,,,,
D_JOL C,79,1,Car - Happy,72,StudyProc3,0,Car - ?,HAPPY,1,U,,,,,,,,
D_JOL C,79,1,Tuck - Allow,73,StudyProc3,0,Tuck - ?,,0,U,,,,,,,,
D_JOL C,79,1,Lion - Art,74,StudyProc3,0,Lion - ?,ART,1,U,,,,,,,,
D_JOL C,79,1,Accident - Strong,75,StudyProc3,0,Accident - ?,,0,U,,,,,,,,
D_JOL C,79,1,Riddle - Sugar,76,StudyProc3,0,Riddle - ?,,0,U,,,,,,,,
D_JOL C,79,1,Add - Valley,77,StudyProc3,0,Add - ?,,0,U,,,,,,,,
D_JOL C,79,1,Would - Cash,78,StudyProc3,0,Would - ?,,0,U,,,,,,,,
D_JOL C,79,1,Sick - Hide,79,StudyProc3,0,Sick - ?,HIDE,1,U,,,,,,,,
D_JOL C,79,1,Vase - King,80,StudyProc3,0,Vase - ?,,0,U,,,,,,,,
D_JOL A,81,2,Justice - Maroon,61,StudyProc5,0,Justice - ?,,0,U,,,,,,,,
D_JOL A,81,2,Crackle - Able,66,StudyProc5,0,Crackle - ?,,0,U,,,,,,,,
D_JOL C,83,2,Able - Crackle,65,StudyProc5,0,Able - ?,Unable,0,U,,,,,,,,
D_JOL C,83,2,Toil - Lease,75,StudyProc5,0,Toil - ?,Boil,0,U,,,,,,,,
D_JOL C,83,2,Ounce - Both,77,StudyProc5,0,Ounce - ?,Belt,0,U,,,,,,,,
D_JOL C,83,1,Sacking - Dietary,62,StudyProc3,0,Sacking - ?,Sol,0,U,,,,,,,,
D_JOL C,83,1,Bronze - Artery,69,StudyProc3,0,Bronze - ?,Belt,0,U,,,,,,,,
D_JOL C,83,1,Add - Valley,77,StudyProc3,0,Add - ?,Subtract,0,U,,,,,,,,
D_JOL C,83,1,Would - Cash,78,StudyProc3,0,Would - ?,Cant,0,U,,,,,,,,
D_JOL A,85,2,Crackle - Able,66,StudyProc5,0,Crackle - ?,barrel,0,U,,,,,,,,
D_JOL A,85,2,Keys - Joke,69,StudyProc5,0,Keys - ?,latch,0,U,,,,,,,,
D_JOL A,85,2,Cake - Clothes,70,StudyProc5,0,Cake - ?,,0,U,,,,,,,,
D_JOL A,85,2,Name - Hate,71,StudyProc5,0,Name - ?,,0,U,,,,,,,,
D_JOL A,85,2,Fuzzy - Bang,72,StudyProc5,0,Fuzzy - ?,dog,0,U,,,,,,,,
D_JOL A,85,2,Moat - Clear,73,StudyProc5,0,Moat - ?,mine,0,U,,,,,,,,
D_JOL A,85,2,Lease - Toil,74,StudyProc5,0,Lease - ?,,0,U,,,,,,,,
D_JOL A,85,2,Both - Ounce,76,StudyProc5,0,Both - ?,,0,U,,,,,,,,
D_JOL A,85,2,Temperature - Morning,77,StudyProc5,0,Temperature - ?,,0,U,,,,,,,,
D_JOL A,85,2,Mirror - Children,78,StudyProc5,0,Mirror - ?,children,1,U,,,,,,,,
D_JOL A,85,2,Main - Scar,79,StudyProc5,0,Main - ?,chick,0,U,,,,,,,,
D_JOL A,85,1,Pusher - Clutter,61,StudyProc3,0,Pusher - ?,,0,U,,,,,,,,
D_JOL A,85,1,Dietary - Sacking,62,StudyProc3,0,Dietary - ?,,0,U,,,,,,,,
D_JOL A,85,1,Park - Hungry,63,StudyProc3,0,Park - ?,our,0,U,,,,,,,,
D_JOL A,85,1,Machine - Position,71,StudyProc3,0,Machine - ?,,0,U,,,,,,,,
D_JOL A,85,1,Allow - Tuck,73,StudyProc3,0,Allow - ?,,0,U,,,,,,,,
D_JOL A,85,1,Art - Lion,74,StudyProc3,0,Art - ?,gallery,0,U,,,,,,,,
D_JOL A,85,1,Sugar - Riddle,76,StudyProc3,0,Sugar - ?,spice,0,U,,,,,,,,
D_JOL A,85,1,Hide - Sick,79,StudyProc3,0,Hide - ?,seek,0,U,,,,,,,,
D_JOL A,89,2,Justice - Maroon,61,StudyProc5,0,Justice - ?,law,0,U,,,,,,,,
D_JOL A,89,2,Meat - Obtain,65,StudyProc5,0,Meat - ?,raw,0,U,,,,,,,,
D_JOL A,89,2,Shell - Snake,67,StudyProc5,0,Shell - ?,nut,0,U,,,,,,,,
D_JOL A,89,2,Cake - Clothes,70,StudyProc5,0,Cake - ?,moist,0,U,,,,,,,,
D_JOL A,89,2,Fuzzy - Bang,72,StudyProc5,0,Fuzzy - ?,hair,0,U,,,,,,,,
D_JOL A,89,2,Moat - Clear,73,StudyProc5,0,Moat - ?,,0,U,,,,,,,,
D_JOL A,89,2,Lease - Toil,74,StudyProc5,0,Lease - ?,rent,0,U,,,,,,,,
D_JOL A,89,2,Both - Ounce,76,StudyProc5,0,Both - ?,ways,0,U,,,,,,,,
D_JOL A,89,2,Temperature - Morning,77,StudyProc5,0,Temperature - ?,cold,0,U,,,,,,,,
D_JOL B,90,1,Justice - Maroon,61,StudyProc5,0,Justice - ?,,0,U,,,,,,,,
D_JOL B,90,1,Lease - Toil,74,StudyProc5,0,Lease - ?,,0,U,,,,,,,,
D_JOL B,90,2,Pusher - Clutter,61,StudyProc3,0,Pusher - ?,,0,U,,,,,,,,
D_JOL B,90,2,Dietary - Sacking,62,StudyProc3,0,Dietary - ?,,0,U,,,,,,,,
D_JOL B,90,2,Soon - Belt,65,StudyProc3,0,Soon - ?,,0,U,,,,,,,,
D_JOL B,90,2,Death - Business,67,StudyProc3,0,Death - ?,,0,U,,,,,,,,
D_JOL B,90,2,Debate - Sight,68,StudyProc3,0,Debate - ?,,0,U,,,,,,,,
D_JOL B,90,2,Artery - Bronze,69,StudyProc3,0,Artery - ?,,0,U,,,,,,,,
D_JOL B,90,2,Allow - Tuck,73,StudyProc3,0,Allow - ?,,0,U,,,,,,,,
D_JOL D,92,1,Election - Maze,62,StudyProc5,0,Election - ?,scam,0,U,,,,,,,,
D_JOL D,92,1,Able - Crackle,65,StudyProc5,0,Able - ?,round,0,U,,,,,,,,
D_JOL A,93,2,Fuzzy - Bang,72,StudyProc5,0,Fuzzy - ?,dog,0,U,,,,,,,,
D_JOL A,93,2,Moat - Clear,73,StudyProc5,0,Moat - ?,loof,0,U,,,,,,,,
D_JOL A,93,2,Main - Scar,79,StudyProc5,0,Main - ?,choice,0,U,,,,,,,,
D_JOL A,93,1,Pusher - Clutter,61,StudyProc3,0,Pusher - ?,pull,0,U,,,,,,,,
D_JOL A,93,1,Dietary - Sacking,62,StudyProc3,0,Dietary - ?,food,0,U,,,,,,,,
D_JOL A,93,1,Artery - Bronze,69,StudyProc3,0,Artery - ?,bus,0,U,,,,,,,,
D_JOL A,93,1,King - Vase,80,StudyProc3,0,King - ?,queen,0,U,,,,,,,,
D_JOL B,94,1,Justice - Maroon,61,StudyProc5,0,Justice - ?,marroon,1,U,,,,,,,,
D_JOL B,94,1,Give - Steak,63,StudyProc5,0,Give - ?,up,0,U,,,,,,,,
D_JOL B,94,1,Crackle - Able,66,StudyProc5,0,Crackle - ?,pop,0,U,,,,,,,,
D_JOL B,94,1,Name - Hate,71,StudyProc5,0,Name - ?,paper,0,U,,,,,,,,
D_JOL B,94,1,Moat - Clear,73,StudyProc5,0,Moat - ?,mule,0,U,,,,,,,,
D_JOL B,94,1,Both - Ounce,76,StudyProc5,0,Both - ?,pairs,0,U,,,,,,,,
D_JOL B,94,1,Mirror - Children,78,StudyProc5,0,Mirror - ?,bird,0,U,,,,,,,,
D_JOL B,94,1,Main - Scar,79,StudyProc5,0,Main - ?,majority,0,U,,,,,,,,
D_JOL B,94,2,Debate - Sight,68,StudyProc3,0,Debate - ?,discuss,0,U,,,,,,,,
D_JOL B,94,2,Hide - Sick,79,StudyProc3,0,Hide - ?,seek,0,U,,,,,,,,
D_JOL B,98,1,Keys - Joke,69,StudyProc5,0,Keys - ?,,0,U,,,,,,,,
D_JOL B,98,1,Name - Hate,71,StudyProc5,0,Name - ?,person,0,U,,,,,,,,
D_JOL B,98,1,Fuzzy - Bang,72,StudyProc5,0,Fuzzy - ?,cat,0,U,,,,,,,,
D_JOL B,98,2,Pusher - Clutter,61,StudyProc3,0,Pusher - ?,reciever,0,U,,,,,,,,
D_JOL B,98,2,Park - Hungry,63,StudyProc3,0,Park - ?,baseball,0,U,,,,,,,,
D_JOL B,98,2,Discover - Floor,66,StudyProc3,0,Discover - ?,place,0,U,,,,,,,,
D_JOL B,98,2,Allow - Tuck,73,StudyProc3,0,Allow - ?,take,0,U,,,,,,,,
D_JOL B,98,2,Sugar - Riddle,76,StudyProc3,0,Sugar - ?,truck,0,U,,,,,,,,
D_JOL D,100,1,Able - Crackle,65,StudyProc5,0,Able - ?,,0,U,,,,,,,,
D_JOL D,100,1,Steak - Give,73,StudyProc5,0,Steak - ?,,0,U,,,,,,,,
D_JOL D,100,2,Sacking - Dietary,62,StudyProc3,0,Sacking - ?,,0,U,,,,,,,,
D_JOL D,100,2,Woman - Lift,64,StudyProc3,0,Woman - ?,lift,1,U,,,,,,,,
D_JOL D,100,2,Belt - Soon,65,StudyProc3,0,Belt - ?,,0,U,,,,,,,,
D_JOL D,100,2,Floor - Discover,66,StudyProc3,0,Floor - ?,,0,U,,,,,,,,
D_JOL D,100,2,Sight - Debate,68,StudyProc3,0,Sight - ?,,0,U,,,,,,,,
D_JOL D,100,2,Bronze - Artery,69,StudyProc3,0,Bronze - ?,,0,U,,,,,,,,
D_JOL D,100,2,Car - Happy,72,StudyProc3,0,Car - ?,happy,1,U,,,,,,,,
D_JOL D,100,2,Lion - Art,74,StudyProc3,0,Lion - ?,art,1,U,,,,,,,,
D_JOL D,100,2,Riddle - Sugar,76,StudyProc3,0,Riddle - ?,,0,U,,,,,,,,
D_JOL D,100,2,Add - Valley,77,StudyProc3,0,Add - ?,,0,U,,,,,,,,
D_JOL D,100,2,Would - Cash,78,StudyProc3,0,Would - ?,cash,1,U,,,,,,,,
D_JOL D,100,2,Sick - Hide,79,StudyProc3,0,Sick - ?,,0,U,,,,,,,,
D_JOL D,100,2,Vase - King,80,StudyProc3,0,Vase - ?,king,1,U,,,,,,,,
D_JOL C,103,2,Election - Maze,62,StudyProc5,0,Election - ?,competition,0,U,,,,,,,,
D_JOL C,103,2,Obtain - Meat,64,StudyProc5,0,Obtain - ?,get,0,U,,,,,,,,
D_JOL C,103,2,Able - Crackle,65,StudyProc5,0,Able - ?,,0,U,,,,,,,,
D_JOL C,103,2,Joke - Keys,68,StudyProc5,0,Joke - ?,,0,U,,,,,,,,
D_JOL C,103,2,Clear - Moat,71,StudyProc5,0,Clear - ?,,0,U,,,,,,,,
D_JOL C,103,2,Main - Scar,80,StudyProc5,0,Main - ?,,0,U,,,,,,,,
D_JOL C,103,1,Sacking - Dietary,62,StudyProc3,0,Sacking - ?,,0,U,,,,,,,,
D_JOL C,103,1,Hungry - Park,63,StudyProc3,0,Hungry - ?,food,0,U,,,,,,,,
D_JOL C,103,1,Belt - Soon,65,StudyProc3,0,Belt - ?,buckle,0,U,,,,,,,,
D_JOL C,103,1,Business - Death,67,StudyProc3,0,Business - ?,cow,0,U,,,,,,,,
D_JOL C,103,1,Sight - Debate,68,StudyProc3,0,Sight - ?,eye,0,U,,,,,,,,
D_JOL C,103,1,Lion - Art,74,StudyProc3,0,Lion - ?,dog,0,U,,,,,,,,
D_JOL C,103,1,Riddle - Sugar,76,StudyProc3,0,Riddle - ?,rhyme,0,U,,,,,,,,
D_JOL C,103,1,Add - Valley,77,StudyProc3,0,Add - ?,subtrac,0,U,,,,,,,,
D_JOL C,103,1,Would - Cash,78,StudyProc3,0,Would - ?,,0,U,,,,,,,,
D_JOL C,103,1,Sick - Hide,79,StudyProc3,0,Sick - ?,money,0,U,,,,,,,,
D_JOL D,104,1,Bang - Fuzzy,70,StudyProc5,0,Bang - ?,,0,U,,,,,,,,
D_JOL D,104,2,Hungry - Park,63,StudyProc3,0,Hungry - ?,,0,U,,,,,,,,
D_JOL D,104,2,Woman - Lift,64,StudyProc3,0,Woman - ?,,0,U,,,,,,,,
D_JOL D,104,2,Floor - Discover,66,StudyProc3,0,Floor - ?,,0,U,,,,,,,,
D_JOL D,104,2,Business - Death,67,StudyProc3,0,Business - ?,,0,U,,,,,,,,
D_JOL D,104,2,Car - Happy,72,StudyProc3,0,Car - ?,,0,U,,,,,,,,
D_JOL D,104,2,Add - Valley,77,StudyProc3,0,Add - ?,,0,U,,,,,,,,
D_JOL A,105,2,Justice - Maroon,61,StudyProc5,0,Justice - ?,law,0,U,,,,,,,,
D_JOL A,105,2,Stretch - Cloth,62,StudyProc5,0,Stretch - ?,,0,U,,,,,,,,
D_JOL A,105,2,Maze - Election,64,StudyProc5,0,Maze - ?,Election,1,U,,,,,,,,
D_JOL A,105,2,Crackle - Able,66,StudyProc5,0,Crackle - ?,,0,U,,,,,,,,
D_JOL A,105,2,Listen - Fiction,68,StudyProc5,0,Listen - ?,,0,U,,,,,,,,
D_JOL A,105,2,Cake - Clothes,70,StudyProc5,0,Cake - ?,,0,U,,,,,,,,
D_JOL A,105,2,Moat - Clear,73,StudyProc5,0,Moat - ?,,0,U,,,,,,,,
D_JOL A,105,2,Lease - Toil,74,StudyProc5,0,Lease - ?,write,0,U,,,,,,,,
D_JOL A,105,2,Mirror - Children,78,StudyProc5,0,Mirror - ?,children,1,U,,,,,,,,
D_JOL A,105,1,Dietary - Sacking,62,StudyProc3,0,Dietary - ?,,0,U,,,,,,,,
D_JOL A,73,2,Moat - Clear,73,StudyProc5,1,Fuzzy - ?,clear,1,U,,,,,,,,
D_JOL A,77,2,Maze - Election,64,StudyProc5,1,Maze - ?,store,0,U,,,,,,,,
D_JOL A,77,2,Meat - Obtain,65,StudyProc5,1,Meat - ?,,0,U,,,,,,,,
D_JOL A,77,1,Artery - Bronze,69,StudyProc3,1,Artery - ?,vein,0,U,,,,,,,,
D_JOL B,78,2,Artery - Bronze,69,StudyProc3,1,Artery - ?,kidney,0,U,,,,,,,,
D_JOL C,79,2,Steak - Give,73,StudyProc5,1,Steak - ?,,0,U,,,,,,,,
D_JOL C,83,1,Hungry - Park,63,StudyProc3,1,Hungry - ?,Food,0,U,,,,,,,,
D_JOL D,84,2,Hungry - Park,63,StudyProc3,1,Hungry - ?,famine,0,U,,,,,,,,
D_JOL D,84,2,Business - Death,67,StudyProc3,1,Business - ?,money,0,U,,,,,,,,
D_JOL D,84,2,Sight - Debate,68,StudyProc3,1,Sight - ?,vision,0,U,,,,,,,,
D_JOL D,84,2,Car - Happy,72,StudyProc3,1,Car - ?,windshield,0,U,,,,,,,,
D_JOL D,84,2,Add - Valley,77,StudyProc3,1,Add - ?,Subtract,0,U,,,,,,,,
D_JOL D,84,2,Would - Cash,78,StudyProc3,1,Would - ?,should,0,U,,,,,,,,
D_JOL D,84,2,Vase - King,80,StudyProc3,1,Vase - ?,flowers,0,U,,,,,,,,
D_JOL C,87,2,Charm - Vehicle,63,StudyProc5,1,Charm - ?,braclet,0,U,,,,,,,,
D_JOL D,88,2,Bronze - Artery,69,StudyProc3,1,Bronze - ?,,0,U,,,,,,,,
D_JOL A,89,2,Maze - Election,64,StudyProc5,1,Maze - ?,tree,0,U,,,,,,,,
D_JOL A,89,2,Crackle - Able,66,StudyProc5,1,Crackle - ?,laugh,0,U,,,,,,,,
D_JOL A,89,1,Cash - Would,78,StudyProc3,1,Cash - ?,card,0,U,,,,,,,,
D_JOL B,90,1,Fuzzy - Bang,72,StudyProc5,1,Fuzzy - ?,,0,U,,,,,,,,
D_JOL B,106,1,Maze - Election,64,StudyProc5,1,Maze - ?,,0,U,,,,,,,,
D_JOL B,106,1,Meat - Obtain,65,StudyProc5,1,Meat - ?,,0,U,,,,,,,,
D_JOL D,108,1,Obtain - Meat,64,StudyProc5,1,Obtain - ?,,0,U,,,,,,,,
D_JOL D,108,1,Able - Crackle,65,StudyProc5,1,Able - ?,Action,0,U,,,,,,,,
D_JOL D,108,1,Fiction - Listen,67,StudyProc5,1,Fiction - ?,Tale,0,U,,,,,,,,
D_JOL D,108,1,Joke - Keys,68,StudyProc5,1,Joke - ?,Play,0,U,,,,,,,,
D_JOL D,108,1,Hate - Name,69,StudyProc5,1,Hate - ?,Sad,0,U,,,,,,,,
D_JOL D,108,1,Bang - Fuzzy,70,StudyProc5,1,Bang - ?,,0,U,,,,,,,,
D_JOL D,108,1,Children - Mirror,79,StudyProc5,1,Children - ?,,0,U,,,,,,,,
D_JOL D,108,2,Accident - Strong,75,StudyProc3,1,Accident - ?,Car,0,U,,,,,,,,
D_JOL A,93,2,Maze - Election,64,StudyProc5,1,Maze - ?,runner,0,U,,,,,,,,
D_JOL A,93,2,Meat - Obtain,65,StudyProc5,1,Meat - ?,obtain,1,U,,,,,,,,
D_JOL A,93,2,Crackle - Able,66,StudyProc5,1,Crackle - ?,able,1,U,,,,,,,,
D_JOL A,93,2,Shell - Snake,67,StudyProc5,1,Shell - ?,snake,1,U,,,,,,,,
D_JOL A,93,1,Soon - Belt,65,StudyProc3,1,Soon - ?,later,0,U,,,,,,,,
D_JOL A,73,2,Give - Steak,63,StudyProc5,2,Give - ?,taek,0,U,,,,,,,,
D_JOL A,73,2,Maze - Election,64,StudyProc5,2,Maze - ?,election,1,U,,,,,,,,
D_JOL A,73,2,Meat - Obtain,65,StudyProc5,2,Vehicle - ?,,0,U,,,,,,,,
D_JOL A,73,1,Lift - Woman,64,StudyProc3,2,Lift - ?,woman,1,U,,,,,,,,
D_JOL A,73,1,Machine - Position,71,StudyProc3,2,Machine - ?,location,0,U,,,,,,,,
D_JOL A,73,1,Happy - Car,72,StudyProc3,2,Happy - ?,glad,0,U,,,,,,,,
D_JOL A,73,1,Strong - Accident,75,StudyProc3,2,Strong - ?,weak,0,U,,,,,,,,
D_JOL A,73,1,Cash - Would,78,StudyProc3,2,Cash - ?,,0,U,,,,,,,,
D_JOL A,77,2,Justice - Maroon,61,StudyProc5,2,Justice - ?,law,0,U,,,,,,,,
D_JOL A,77,2,Cake - Clothes,70,StudyProc5,2,Cake - ?,fur,0,U,,,,,,,,
D_JOL A,77,2,Main - Scar,79,StudyProc5,2,Main - ?,entry,0,U,,,,,,,,
D_JOL A,77,1,Valley - Add,77,StudyProc3,2,Valley - ?,plain,0,U,,,,,,,,
D_JOL C,83,1,Sight - Debate,68,StudyProc3,2,Sight - ?,Look,0,U,,,,,,,,
D_JOL D,88,2,Clutter - Pusher,61,StudyProc3,2,Clutter - ?,,0,U,,,,,,,,
D_JOL A,89,2,Stretch - Cloth,62,StudyProc5,2,Stretch - ?,clothes,0,U,,,,,,,,
D_JOL A,89,2,Give - Steak,63,StudyProc5,2,Give - ?,away,0,U,,,,,,,,
D_JOL A,89,2,Keys - Joke,69,StudyProc5,2,Keys - ?,car,0,U,,,,,,,,
D_JOL A,89,2,Name - Hate,71,StudyProc5,2,Name - ?,,0,U,,,,,,,,
D_JOL A,89,2,Mirror - Children,78,StudyProc5,2,Mirror - ?,window,0,U,,,,,,,,
D_JOL A,89,2,Main - Scar,79,StudyProc5,2,Main - ?,stree,0,U,,,,,,,,
D_JOL A,89,1,Happy - Car,72,StudyProc3,2,Happy - ?,sad,0,U,,,,,,,,
D_JOL D,92,1,Morning - Temperature,78,StudyProc5,2,Morning - ?,temperature,1,U,,,,,,,,
D_JOL D,92,2,Would - Cash,78,StudyProc3,2,Would - ?,could,0,U,,,,,,,,
D_JOL D,92,2,Vase - King,80,StudyProc3,2,Vase - ?,king,1,U,,,,,,,,
D_JOL A,93,2,Both - Ounce,76,StudyProc5,2,Both - ?,all,0,U,,,,,,,,
D_JOL A,93,2,Mirror - Children,78,StudyProc5,2,Mirror - ?,children,1,U,,,,,,,,
D_JOL A,93,1,Allow - Tuck,73,StudyProc3,2,Allow - ?,tuck,1,U,,,,,,,,
D_JOL B,94,2,Happy - Car,72,StudyProc3,2,Happy - ?,sad,0,U,,,,,,,,
D_JOL A,97,1,Sugar - Riddle,76,StudyProc3,2,Sugar - ?,,0,U,,,,,,,,
D_JOL B,98,1,Both - Ounce,76,StudyProc5,2,Both - ?,two,0,U,,,,,,,,
D_JOL A,101,2,Both - Ounce,76,StudyProc5,2,Both - ?,lock,0,U,,,,,,,,
D_JOL A,73,2,Justice - Maroon,61,StudyProc5,3,Justice - ?,league,0,U,,,,,,,,
D_JOL A,73,2,Both - Ounce,76,StudyProc5,3,Loan - ?,,0,U,,,,,,,,
D_JOL A,73,2,Main - Scar,79,StudyProc5,3,Mirror - ?,important,0,U,,,,,,,,
D_JOL A,73,2,Charm - Vehicle,80,StudyProc5,3,Main - ?,car,0,U,,,,,,,,
D_JOL A,73,1,Valley - Add,77,StudyProc3,3,Valley - ?,,0,U,,,,,,,,
D_JOL C,83,2,Charm - Vehicle,63,StudyProc5,3,Charm - ?,wit,0,U,,,,,,,,
D_JOL C,83,2,Main - Scar,80,StudyProc5,3,Main - ?,side,0,U,,,,,,,,
D_JOL D,84,2,Woman - Lift,64,StudyProc3,3,Woman - ?,grow,0,U,,,,,,,,
D_JOL C,87,2,Election - Maze,62,StudyProc5,3,Election - ?,vote,0,U,,,,,,,,
D_JOL A,89,2,Listen - Fiction,68,StudyProc5,3,Listen - ?,tell,0,U,,,,,,,,
D_JOL A,89,1,Artery - Bronze,69,StudyProc3,3,Artery - ?,Brain,0,U,,,,,,,,
D_JOL B,106,1,Temperature - Morning,77,StudyProc5,3,Temperature - ?,tantrum,0,U,,,,,,,,
D_JOL D,92,1,Clear - Moat,71,StudyProc5,3,Clear - ?,lass,0,U,,,,,,,,
D_JOL A,93,2,Justice - Maroon,61,StudyProc5,3,Justice - ?,trial,0,U,,,,,,,,
D_JOL A,93,2,Give - Steak,63,StudyProc5,3,Give - ?,take,0,U,,,,,,,,
D_JOL A,93,1,Valley - Add,77,StudyProc3,3,Valley - ?,add,1,U,,,,,,,,
D_JOL D,96,2,Add - Valley,77,StudyProc3,3,Add - ?,,0,U,,,,,,,,
D_JOL A,97,2,Crackle - Able,66,StudyProc5,3,Crackle - ?,Amble,0,U,,,,,,,,
D_JOL A,97,2,Lease - Toil,74,StudyProc5,3,Lease - ?,Toil,1,U,,,,,,,,
D_JOL A,97,1,Pusher - Clutter,61,StudyProc3,3,Pusher - ?,,0,U,,,,,,,,
D_JOL A,97,1,Discover - Floor,66,StudyProc3,3,Discover - ?,Floor,1,U,,,,,,,,
D_JOL A,97,1,Death - Business,67,StudyProc3,3,Death - ?,Business,1,U,,,,,,,,
D_JOL A,97,1,Valley - Add,77,StudyProc3,3,Valley - ?,Add,1,U,,,,,,,,
D_JOL A,101,2,Maze - Election,64,StudyProc5,3,Maze - ?,election,1,U,,,,,,,,
D_JOL A,101,2,Cake - Clothes,70,StudyProc5,3,Cake - ?,sweet,0,U,,,,,,,,
D_JOL A,101,2,Moat - Clear,73,StudyProc5,3,Moat - ?,loaf,0,U,,,,,,,,
D_JOL A,101,1,Debate - Sight,68,StudyProc3,3,Debate - ?,debate,0,U,,,,,,,,
D_JOL B,102,1,Both - Ounce,76,StudyProc5,3,Both - ?,Have,0,U,,,,,,,,
D_JOL A,73,1,Fix - Hand,70,StudyProc3,4,Fix - ?,,0,U,,,,,,,,
D_JOL A,73,1,Allow - Tuck,73,StudyProc3,4,Allow - ?,,0,U,,,,,,,,
D_JOL C,83,1,Belt - Soon,65,StudyProc3,4,Belt - ?,Shoe,0,U,,,,,,,,
D_JOL A,89,1,Valley - Add,77,StudyProc3,4,Valley - ?,hill,0,U,,,,,,,,
D_JOL B,106,1,Both - Ounce,76,StudyProc5,4,Both - ?,same,0,U,,,,,,,,
D_JOL B,106,1,Main - Scar,79,StudyProc5,4,Main - ?,object,0,U,,,,,,,,
D_JOL B,106,2,Dietary - Sacking,62,StudyProc3,4,Dietary - ?,eat,0,U,,,,,,,,
D_JOL B,106,2,Happy - Car,72,StudyProc3,4,Happy - ?,nice,0,U,,,,,,,,
D_JOL B,106,2,Art - Lion,74,StudyProc3,4,Art - ?,architecture,0,U,,,,,,,,
D_JOL B,106,2,Sugar - Riddle,76,StudyProc3,4,Sugar - ?,,0,U,,,,,,,,
D_JOL D,92,2,Tuck - Allow,73,StudyProc3,4,Tuck - ?,appropriate,0,U,,,,,,,,
D_JOL A,93,2,Stretch - Cloth,62,StudyProc5,4,Stretch - ?,tall,0,U,,,,,,,,
D_JOL A,93,1,Sugar - Riddle,76,StudyProc3,4,Sugar - ?,full,0,U,,,,,,,,
D_JOL A,97,2,Meat - Obtain,65,StudyProc5,4,Meat - ?,,0,U,,,,,,,,
D_JOL A,97,1,Artery - Bronze,69,StudyProc3,4,Artery - ?,Bronze,1,U,,,,,,,,
D_JOL A,101,2,Main - Scar,79,StudyProc5,4,Main - ?,matter,0,U,,,,,,,,
D_JOL A,101,1,Allow - Tuck,73,StudyProc3,4,Allow - ?,forbit,0,U,,,,,,,,
D_JOL A,73,2,Cake - Clothes,70,StudyProc5,5,Keys - ?,,0,U,,,,,,,,
D_JOL A,73,1,Discover - Floor,66,StudyProc3,5,Discover - ?,,0,U,,,,,,,,
D_JOL A,73,1,Debate - Sight,68,StudyProc3,5,Debate - ?,,0,U,,,,,,,,
D_JOL A,73,1,Sugar - Riddle,76,StudyProc3,5,Sugar - ?,,0,U,,,,,,,,
D_JOL A,77,1,Cash - Would,78,StudyProc3,5,Cash - ?,allowance,0,U,,,,,,,,
D_JOL C,83,1,Floor - Discover,66,StudyProc3,5,Floor - ?,House,0,U,,,,,,,,
D_JOL C,83,1,Vase - King,80,StudyProc3,5,Vase - ?,,0,U,,,,,,,,
D_JOL D,84,1,Ounce - Both,77,StudyProc5,5,Ounce - ?,Pound,0,U,,,,,,,,
D_JOL C,87,2,Shake - Shell,66,StudyProc5,5,Shake - ?,stir,0,U,,,,,,,,
D_JOL A,89,1,Sugar - Riddle,76,StudyProc3,5,Sugar - ?,Sweet,0,U,,,,,,,,
D_JOL B,106,1,Give - Steak,63,StudyProc5,5,Give - ?,accept,0,U,,,,,,,,
D_JOL B,106,1,Moat - Clear,73,StudyProc5,5,Moat - ?,lear,1,U,,,,,,,,
D_JOL B,106,2,Pusher - Clutter,61,StudyProc3,5,Pusher - ?,horder,0,U,,,,,,,,
D_JOL B,106,2,Lift - Woman,64,StudyProc3,5,Lift - ?,woman,1,U,,,,,,,,
D_JOL B,106,2,Soon - Belt,65,StudyProc3,5,Soon - ?,take,0,U,,,,,,,,
D_JOL B,106,2,Death - Business,67,StudyProc3,5,Death - ?,liver,0,U,,,,,,,,
D_JOL B,106,2,Artery - Bronze,69,StudyProc3,5,Artery - ?,build,0,U,,,,,,,,
D_JOL B,106,2,Allow - Tuck,73,StudyProc3,5,Allow - ?,permisson,0,U,,,,,,,,
D_JOL B,106,2,Strong - Accident,75,StudyProc3,5,Strong - ?,hold,0,U,,,,,,,,
D_JOL B,106,2,Valley - Add,77,StudyProc3,5,Valley - ?,depth,0,U,,,,,,,,
D_JOL B,106,2,King - Vase,80,StudyProc3,5,King - ?,key,0,U,,,,,,,,
D_JOL A,97,2,Maze - Election,64,StudyProc5,5,Maze - ?,Election,1,U,,,,,,,,
D_JOL A,97,1,Debate - Sight,68,StudyProc3,5,Debate - ?,,0,U,,,,,,,,
D_JOL A,97,1,Cash - Would,78,StudyProc3,5,Cash - ?,,0,U,,,,,,,,
D_JOL A,97,1,King - Vase,80,StudyProc3,5,King - ?,Vase,1,U,,,,,,,,
D_JOL B,98,1,Maze - Election,64,StudyProc5,5,Maze - ?,lost,0,U,,,,,,,,
D_JOL B,98,1,Crackle - Able,66,StudyProc5,5,Crackle - ?,pop,0,U,,,,,,,,
D_JOL B,98,1,Moat - Clear,73,StudyProc5,5,Moat - ?,Clear,1,U,,,,,,,,
D_JOL B,98,1,Temperature - Morning,77,StudyProc5,5,Temperature - ?,heat,0,U,,,,,,,,
D_JOL B,98,2,Lift - Woman,64,StudyProc3,5,Lift - ?,woman,1,U,,,,,,,,
D_JOL B,98,2,Soon - Belt,65,StudyProc3,5,Soon - ?,away,0,U,,,,,,,,
D_JOL B,98,2,Artery - Bronze,69,StudyProc3,5,Artery - ?,claim,0,U,,,,,,,,
D_JOL B,98,2,Machine - Position,71,StudyProc3,5,Machine - ?,artery,0,U,,,,,,,,
D_JOL B,98,2,Strong - Accident,75,StudyProc3,5,Strong - ?,woman,0,U,,,,,,,,
D_JOL B,98,2,Valley - Add,77,StudyProc3,5,Valley - ?,green,0,U,,,,,,,,
D_JOL B,98,2,Cash - Would,78,StudyProc3,5,Cash - ?,wage,0,U,,,,,,,,
D_JOL B,98,2,Hide - Sick,79,StudyProc3,5,Hide - ?,gone,0,U,,,,,,,,
D_JOL B,98,2,King - Vase,80,StudyProc3,5,King - ?,waste,0,U,,,,,,,,
D_JOL A,101,2,Meat - Obtain,65,StudyProc5,5,Meat - ?,matter,0,U,,,,,,,,
D_JOL A,101,2,Mirror - Children,78,StudyProc5,5,Mirror - ?,child,1,U,,,,,,,,
D_JOL A,101,1,Park - Hungry,63,StudyProc3,5,Park - ?,play,0,U,,,,,,,,
D_JOL A,101,1,Sugar - Riddle,76,StudyProc3,5,Sugar - ?,rittle,1,U,,,,,,,,
D_JOL B,102,1,Temperature - Morning,77,StudyProc5,5,Temperature - ?,Morning,1,U,,,,,,,,
D_JOL C,103,1,Clutter - Pusher,61,StudyProc3,5,Clutter - ?,,0,U,,,,,,,,
D_JOL A,73,2,Name - Hate,71,StudyProc5,6,Cake - ?,,0,U,,,,,,,,
D_JOL D,84,2,Riddle - Sugar,76,StudyProc3,6,Riddle - ?,joke,0,U,,,,,,,,
D_JOL B,86,2,Art - Lion,74,StudyProc3,6,Art - ?,painting,0,U,,,,,,,,
D_JOL C,87,2,Bang - Fuzzy,70,StudyProc5,6,Bang - ?,music,0,U,,,,,,,,
D_JOL A,97,2,Justice - Maroon,61,StudyProc5,6,Justice - ?,Maroon,1,U,,,,,,,,
D_JOL A,97,2,Name - Hate,71,StudyProc5,6,Name - ?,Hate,1,U,,,,,,,,
D_JOL A,97,1,Soon - Belt,65,StudyProc3,6,Soon - ?,,0,U,,,,,,,,
D_JOL A,101,2,Fuzzy - Bang,72,StudyProc5,6,Fuzzy - ?,dog,0,U,,,,,,,,
D_JOL A,101,1,Cash - Would,78,StudyProc3,6,Cash - ?,card,0,U,,,,,,,,
D_JOL A,73,1,Pusher - Clutter,61,StudyProc3,7,Pusher - ?,,0,U,,,,,,,,
D_JOL C,83,2,Fiction - Listen,67,StudyProc5,7,Fiction - ?,Truth,0,U,,,,,,,,
D_JOL C,87,2,Able - Crackle,65,StudyProc5,7,Able - ?,caine,0,U,,,,,,,,
D_JOL C,87,2,Joke - Keys,68,StudyProc5,7,Joke - ?,funny,0,U,,,,,,,,
D_JOL C,87,2,Hate - Name,69,StudyProc5,7,Hate - ?,love,0,U,,,,,,,,
D_JOL C,87,2,Toil - Lease,75,StudyProc5,7,Toil - ?,thimble,0,U,,,,,,,,
D_JOL C,87,2,Morning - Temperature,78,StudyProc5,7,Morning - ?,evening,0,U,,,,,,,,
D_JOL C,87,2,Children - Mirror,79,StudyProc5,7,Children - ?,play,0,U,,,,,,,,
D_JOL A,97,1,Happy - Car,72,StudyProc3,7,Happy - ?,Car,1,U,,,,,,,,
D_JOL A,77,1,Allow - Tuck,73,StudyProc3,8,Allow - ?,enter,0,U,,,,,,,,
D_JOL C,87,2,Obtain - Meat,64,StudyProc5,8,Obtain - ?,get,0,U,,,,,,,,
D_JOL C,87,2,Fiction - Listen,67,StudyProc5,8,Fiction - ?,library,0,U,,,,,,,,
D_JOL C,87,2,Clear - Moat,71,StudyProc5,8,Clear - ?,sight,0,U,,,,,,,,
D_JOL A,89,1,Art - Lion,74,StudyProc3,8,Art - ?,draw,0,U,,,,,,,,
D_JOL A,93,2,Listen - Fiction,68,StudyProc5,8,Listen - ?,hear,0,U,,,,,,,,
D_JOL A,97,2,Keys - Joke,69,StudyProc5,8,Keys - ?,Joke,1,U,,,,,,,,
D_JOL A,97,1,Art - Lion,74,StudyProc3,8,Art - ?,Lion,1,U,,,,,,,,
D_JOL A,97,1,Strong - Accident,75,StudyProc3,8,Strong - ?,Accident,1,U,,,,,,,,
D_JOL D,104,2,Riddle - Sugar,76,StudyProc3,8,Riddle - ?,,0,U,,,,,,,,
D_JOL A,73,2,Temperature - Morning,77,StudyProc5,9,Both - ?,outside,0,U,,,,,,,,
D_JOL D,84,1,Sign - Loan,76,StudyProc5,9,Sign - ?,Loan,1,U,,,,,,,,
D_JOL C,87,2,Cloth - Stretch,61,StudyProc5,9,Cloth - ?,scissors,0,U,,,,,,,,
D_JOL C,87,2,Steak - Give,73,StudyProc5,9,Steak - ?,chew,0,U,,,,,,,,
D_JOL C,87,2,Sign - Loan,76,StudyProc5,9,Sign - ?,idk,0,U,,,,,,,,
D_JOL C,87,2,Ounce - Both,77,StudyProc5,9,Ounce - ?,pound,0,U,,,,,,,,
D_JOL C,87,2,Main - Scar,80,StudyProc5,9,Main - ?,end,0,U,,,,,,,,
D_JOL A,97,2,Give - Steak,63,StudyProc5,9,Give - ?,Steak,1,U,,,,,,,,
D_JOL A,101,2,Lease - Toil,74,StudyProc5,9,Lease - ?,clease,0,U,,,,,,,,
D_JOL A,73,1,Death - Business,67,StudyProc3,10,Death - ?,,0,U,,,,,,,,
D_JOL B,74,1,Justice - Maroon,61,StudyProc5,10,Justice - ?,rights,0,U,,,,,,,,
D_JOL B,74,1,Crackle - Able,66,StudyProc5,10,Crackle - ?,pop,0,U,,,,,,,,
D_JOL B,74,1,Lease - Toil,74,StudyProc5,10,Lease - ?,car,0,U,,,,,,,,
D_JOL A,77,1,Strong - Accident,75,StudyProc3,10,Strong - ?,fierce,0,U,,,,,,,,
D_JOL A,77,1,King - Vase,80,StudyProc3,10,King - ?,queen,0,U,,,,,,,,
D_JOL B,78,1,Meat - Obtain,65,StudyProc5,10,Meat - ?,Obtain,1,U,,,,,,,,
D_JOL B,78,1,Keys - Joke,69,StudyProc5,10,Keys - ?,Car,0,U,,,,,,,,
D_JOL A,81,2,Fuzzy - Bang,72,StudyProc5,10,Fuzzy - ?,dog,0,U,,,,,,,,
D_JOL B,82,1,Maze - Election,64,StudyProc5,10,Maze - ?,Run,0,U,,,,,,,,
D_JOL B,82,1,Meat - Obtain,65,StudyProc5,10,Meat - ?,Red,0,U,,,,,,,,
D_JOL B,82,1,Main - Scar,79,StudyProc5,10,Main - ?,Way,0,U,,,,,,,,
D_JOL B,82,2,Park - Hungry,63,StudyProc3,10,Park - ?,GARAGE,0,U,,,,,,,,
D_JOL B,82,2,Allow - Tuck,73,StudyProc3,10,Allow - ?,TAKE,0,U,,,,,,,,
D_JOL C,83,2,Clear - Moat,71,StudyProc5,10,Clothes - ?,Turn,0,U,,,,,,,,
D_JOL C,83,1,Tuck - Allow,73,StudyProc3,10,Tuck - ?,Pack,0,U,,,,,,,,
D_JOL C,83,1,Riddle - Sugar,76,StudyProc3,10,Riddle - ?,User,0,U,,,,,,,,
D_JOL D,84,1,Charm - Vehicle,63,StudyProc5,10,Charm - ?,,0,U,,,,,,,,
D_JOL D,84,1,Shake - Shell,66,StudyProc5,10,Shake - ?,,0,U,,,,,,,,
D_JOL D,84,1,Clear - Moat,71,StudyProc5,10,Clear - ?,,0,U,,,,,,,,
D_JOL D,84,2,Floor - Discover,66,StudyProc3,10,Floor - ?,ground,0,U,,,,,,,,
D_JOL C,87,1,Clutter - Pusher,61,StudyProc3,10,Clutter - ?,mess,0,U,,,,,,,,
D_JOL C,87,1,Sacking - Dietary,62,StudyProc3,10,Sacking - ?,idk,0,U,,,,,,,,
D_JOL C,87,1,Business - Death,67,StudyProc3,10,Business - ?,law,0,U,,,,,,,,
D_JOL C,87,1,Bronze - Artery,69,StudyProc3,10,Bronze - ?,win,0,U,,,,,,,,
D_JOL C,87,1,Tuck - Allow,73,StudyProc3,10,Tuck - ?,roll,0,U,,,,,,,,
D_JOL C,87,1,Lion - Art,74,StudyProc3,10,Lion - ?,king,0,U,,,,,,,,
D_JOL C,87,1,Add - Valley,77,StudyProc3,10,Add - ?,subtract,0,U,,,,,,,,
D_JOL C,87,1,Would - Cash,78,StudyProc3,10,Would - ?,idk,0,U,,,,,,,,
D_JOL C,87,1,Vase - King,80,StudyProc3,10,Vase - ?,flower,0,U,,,,,,,,
D_JOL B,90,1,Give - Steak,63,StudyProc5,10,Give - ?,,0,U,,,,,,,,
D_JOL B,90,1,Loan - Sign,75,StudyProc5,10,Loan - ?,,0,U,,,,,,,,
D_JOL B,90,1,Mirror - Children,78,StudyProc5,10,Mirror - ?,,0,U,,,,,,,,
D_JOL B,90,2,Park - Hungry,63,StudyProc3,10,Park - ?,,0,U,,,,,,,,
D_JOL B,90,2,Discover - Floor,66,StudyProc3,10,Discover - ?,find,0,U,,,,,,,,
D_JOL B,90,2,Fix - Hand,70,StudyProc3,10,Fix - ?,,0,U,,,,,,,,
D_JOL B,90,2,Machine - Position,71,StudyProc3,10,Machine - ?,,0,U,,,,,,,,
D_JOL B,90,2,Art - Lion,74,StudyProc3,10,Art - ?,achitecture,0,U,,,,,,,,
D_JOL B,90,2,Strong - Accident,75,StudyProc3,10,Strong - ?,,0,U,,,,,,,,
D_JOL B,90,2,Sugar - Riddle,76,StudyProc3,10,Sugar - ?,,0,U,,,,,,,,
D_JOL B,106,1,Stretch - Cloth,62,StudyProc5,10,Stretch - ?,thread,0,U,,,,,,,,
D_JOL B,106,1,Crackle - Able,66,StudyProc5,10,Crackle - ?,able,1,U,,,,,,,,
D_JOL B,106,1,Shell - Snake,67,StudyProc5,10,Shell - ?,,0,U,,,,,,,,
D_JOL B,106,1,Name - Hate,71,StudyProc5,10,Name - ?,,0,U,,,,,,,,
D_JOL B,106,1,Lease - Toil,74,StudyProc5,10,Lease - ?,rent,0,U,,,,,,,,
D_JOL B,106,1,Mirror - Children,78,StudyProc5,10,Mirror - ?,child,1,U,,,,,,,,
D_JOL B,106,2,Park - Hungry,63,StudyProc3,10,Park - ?,nice,0,U,,,,,,,,
D_JOL B,106,2,Debate - Sight,68,StudyProc3,10,Debate - ?,law,0,U,,,,,,,,
D_JOL B,106,2,Fix - Hand,70,StudyProc3,10,Fix - ?,builder,0,U,,,,,,,,
D_JOL B,106,2,Machine - Position,71,StudyProc3,10,Machine - ?,paper,0,U,,,,,,,,
D_JOL B,106,2,Cash - Would,78,StudyProc3,10,Cash - ?,money,0,U,,,,,,,,
D_JOL B,106,2,Hide - Sick,79,StudyProc3,10,Hide - ?,scare,0,U,,,,,,,,
D_JOL D,92,1,Bang - Fuzzy,70,StudyProc5,10,Bang - ?,bing,0,U,,,,,,,,
D_JOL D,92,2,Accident - Strong,75,StudyProc3,10,Accident - ?,car,0,U,,,,,,,,
D_JOL A,93,2,Cake - Clothes,70,StudyProc5,10,Cake - ?,clothes,1,U,,,,,,,,
D_JOL B,94,1,Shell - Snake,67,StudyProc5,10,Shell - ?,outer,0,U,,,,,,,,
D_JOL B,94,1,Cake - Clothes,70,StudyProc5,10,Cake - ?,desse,0,U,,,,,,,,
D_JOL B,94,2,Park - Hungry,63,StudyProc3,10,Park - ?,swing,0,U,,,,,,,,
D_JOL B,94,2,Strong - Accident,75,StudyProc3,10,Strong - ?,lift,0,U,,,,,,,,
D_JOL C,95,2,Wet - Dry,72,StudyProc5,10,Wet - ?,Dry,1,U,,,,,,,,
D_JOL D,96,2,Would - Cash,78,StudyProc3,10,Would - ?,could,0,U,,,,,,,,
D_JOL A,97,2,Cake - Clothes,70,StudyProc5,10,Cake - ?,Clothes,1,U,,,,,,,,
D_JOL A,97,2,Loan - Sign,75,StudyProc5,10,Loan - ?,,0,U,,,,,,,,
D_JOL A,97,2,Both - Ounce,76,StudyProc5,10,Both - ?,,0,U,,,,,,,,
D_JOL A,97,1,Lift - Woman,64,StudyProc3,10,Lift - ?,Woman,1,U,,,,,,,,
D_JOL A,97,1,Allow - Tuck,73,StudyProc3,10,Allow - ?,,0,U,,,,,,,,
D_JOL B,98,1,Give - Steak,63,StudyProc5,10,Give - ?,take,0,U,,,,,,,,
D_JOL B,98,1,Cake - Clothes,70,StudyProc5,10,Cake - ?,food,0,U,,,,,,,,
D_JOL B,98,1,Lease - Toil,74,StudyProc5,10,Lease - ?,lend,0,U,,,,,,,,
D_JOL B,98,1,Mirror - Children,78,StudyProc5,10,Mirror - ?,children,1,U,,,,,,,,
D_JOL B,98,2,Death - Business,67,StudyProc3,10,Death - ?,end,0,U,,,,,,,,
D_JOL C,99,2,Cloth - Stretch,61,StudyProc5,10,Cloth - ?,stretch,1,U,,,,,,,,
D_JOL C,99,2,Election - Maze,62,StudyProc5,10,Election - ?,vote,0,U,,,,,,,,
D_JOL C,99,2,Charm - Vehicle,63,StudyProc5,10,Charm - ?,deceit,0,U,,,,,,,,
D_JOL C,99,2,Obtain - Meat,64,StudyProc5,10,Obtain - ?,own,0,U,,,,,,,,
D_JOL C,99,2,Able - Crackle,65,StudyProc5,10,Able - ?,do,0,U,,,,,,,,
D_JOL C,99,2,Shake - Shell,66,StudyProc5,10,Shake - ?,make,0,U,,,,,,,,
D_JOL C,99,2,Fiction - Listen,67,StudyProc5,10,Fiction - ?,story,0,U,,,,,,,,
D_JOL C,99,2,Joke - Keys,68,StudyProc5,10,Joke - ?,laugh,0,U,,,,,,,,
D_JOL C,99,2,Bang - Fuzzy,70,StudyProc5,10,Bang - ?,hit,0,U,,,,,,,,
D_JOL C,99,2,Clear - Moat,71,StudyProc5,10,Clear - ?,water,0,U,,,,,,,,
D_JOL C,99,2,Steak - Give,73,StudyProc5,10,Steak - ?,shake,0,U,,,,,,,,
D_JOL C,99,2,Toil - Lease,75,StudyProc5,10,Toil - ?,foil,0,U,,,,,,,,
D_JOL C,99,2,Ounce - Both,77,StudyProc5,10,Ounce - ?,inch,0,U,,,,,,,,
D_JOL C,99,2,Morning - Temperature,78,StudyProc5,10,Morning - ?,sun,0,U,,,,,,,,
D_JOL C,99,2,Children - Mirror,79,StudyProc5,10,Children - ?,play,0,U,,,,,,,,
D_JOL C,99,2,Main - Scar,80,StudyProc5,10,Main - ?,side,0,U,,,,,,,,
D_JOL C,99,1,Clutter - Pusher,61,StudyProc3,10,Clutter - ?,busy,0,U,,,,,,,,
D_JOL C,99,1,Sacking - Dietary,62,StudyProc3,10,Sacking - ?,jump,0,U,,,,,,,,
D_JOL C,99,1,Hungry - Park,63,StudyProc3,10,Hungry - ?,starve,0,U,,,,,,,,
D_JOL C,99,1,Belt - Soon,65,StudyProc3,10,Belt - ?,pants,0,U,,,,,,,,
D_JOL C,99,1,Floor - Discover,66,StudyProc3,10,Floor - ?,ground,0,U,,,,,,,,
D_JOL C,99,1,Business - Death,67,StudyProc3,10,Business - ?,casual,0,U,,,,,,,,
D_JOL C,99,1,Sight - Debate,68,StudyProc3,10,Sight - ?,eye,0,U,,,,,,,,
D_JOL C,99,1,Bronze - Artery,69,StudyProc3,10,Bronze - ?,medal,0,U,,,,,,,,
D_JOL C,99,1,Position - Machine,71,StudyProc3,10,Position - ?,spot,0,U,,,,,,,,
D_JOL C,99,1,Car - Happy,72,StudyProc3,10,Car - ?,seat,0,U,,,,,,,,
D_JOL C,99,1,Tuck - Allow,73,StudyProc3,10,Tuck - ?,allow,1,U,,,,,,,,
D_JOL C,99,1,Lion - Art,74,StudyProc3,10,Lion - ?,fierce,0,U,,,,,,,,
D_JOL C,99,1,Accident - Strong,75,StudyProc3,10,Accident - ?,purpose,0,U,,,,,,,,
D_JOL C,99,1,Riddle - Sugar,76,StudyProc3,10,Riddle - ?,rhyme,0,U,,,,,,,,
D_JOL C,99,1,Add - Valley,77,StudyProc3,10,Add - ?,subtract,0,U,,,,,,,,
D_JOL C,99,1,Would - Cash,78,StudyProc3,10,Would - ?,could,0,U,,,,,,,,
D_JOL C,99,1,Sick - Hide,79,StudyProc3,10,Sick - ?,healthy,0,U,,,,,,,,
D_JOL C,99,1,Vase - King,80,StudyProc3,10,Vase - ?,table,0,U,,,,,,,,
D_JOL D,100,1,Charm - Vehicle,63,StudyProc5,10,Charm - ?,,0,U,,,,,,,,
D_JOL D,100,1,Hate - Name,69,StudyProc5,10,Hate - ?,,0,U,,,,,,,,
D_JOL D,100,1,Toil - Lease,75,StudyProc5,10,Toil - ?,,0,U,,,,,,,,
D_JOL D,100,1,Ounce - Both,77,StudyProc5,10,Ounce - ?,,0,U,,,,,,,,
D_JOL D,100,1,Children - Mirror,79,StudyProc5,10,Children - ?,,0,U,,,,,,,,
D_JOL D,100,1,Main - Scar,80,StudyProc5,10,Main - ?,scar,1,U,,,,,,,,
D_JOL D,100,2,Hand - Fix,70,StudyProc3,10,Hand - ?,,0,U,,,,,,,,
D_JOL D,100,2,Position - Machine,71,StudyProc3,10,Position - ?,,0,U,,,,,,,,
D_JOL D,100,2,Accident - Strong,75,StudyProc3,10,Accident - ?,strong,1,U,,,,,,,,
D_JOL A,101,1,Pusher - Clutter,61,StudyProc3,10,Pusher - ?,cluster,0,U,,,,,,,,
D_JOL A,101,1,Dietary - Sacking,62,StudyProc3,10,Dietary - ?,dietary,1,U,,,,,,,,
D_JOL A,101,1,Lift - Woman,64,StudyProc3,10,Lift - ?,woman,1,U,,,,,,,,
D_JOL A,101,1,Soon - Belt,65,StudyProc3,10,Soon - ?,later,0,U,,,,,,,,
D_JOL A,101,1,Discover - Floor,66,StudyProc3,10,Discover - ?,location,0,U,,,,,,,,
D_JOL A,101,1,Artery - Bronze,69,StudyProc3,10,Artery - ?,artery,0,U,,,,,,,,
D_JOL A,101,1,Happy - Car,72,StudyProc3,10,Happy - ?,car,1,U,,,,,,,,
D_JOL A,101,1,Art - Lion,74,StudyProc3,10,Art - ?,gallery,0,U,,,,,,,,
D_JOL A,101,1,Strong - Accident,75,StudyProc3,10,Strong - ?,weak,0,U,,,,,,,,
D_JOL A,101,1,Valley - Add,77,StudyProc3,10,Valley - ?,valley,0,U,,,,,,,,
D_JOL B,102,2,Discover - Floor,66,StudyProc3,10,Discover - ?,Find,0,U,,,,,,,,
D_JOL C,103,2,Shake - Shell,66,StudyProc5,10,Shake - ?,,0,U,,,,,,,,
D_JOL C,103,1,Tuck - Allow,73,StudyProc3,10,Tuck - ?,water,0,U,,,,,,,,
D_JOL D,104,1,Cloth - Stretch,61,StudyProc5,10,Cloth - ?,,0,U,,,,,,,,
D_JOL D,104,1,Election - Maze,62,StudyProc5,10,Election - ?,,0,U,,,,,,,,
D_JOL D,104,1,Charm - Vehicle,63,StudyProc5,10,Charm - ?,,0,U,,,,,,,,
D_JOL D,104,1,Obtain - Meat,64,StudyProc5,10,Obtain - ?,,0,U,,,,,,,,
D_JOL D,104,1,Able - Crackle,65,StudyProc5,10,Able - ?,,0,U,,,,,,,,
D_JOL D,104,1,Fiction - Listen,67,StudyProc5,10,Fiction - ?,Listen,1,U,,,,,,,,
D_JOL D,104,1,Joke - Keys,68,StudyProc5,10,Joke - ?,,0,U,,,,,,,,
D_JOL D,104,1,Hate - Name,69,StudyProc5,10,Hate - ?,,0,U,,,,,,,,
D_JOL D,104,1,Clear - Moat,71,StudyProc5,10,Clear - ?,,0,U,,,,,,,,
D_JOL D,104,1,Toil - Lease,75,StudyProc5,10,Toil - ?,,0,U,,,,,,,,
D_JOL D,104,1,Ounce - Both,77,StudyProc5,10,Ounce - ?,,0,U,,,,,,,,
D_JOL D,104,1,Morning - Temperature,78,StudyProc5,10,Morning - ?,,0,U,,,,,,,,
D_JOL D,104,2,Clutter - Pusher,61,StudyProc3,10,Clutter - ?,,0,U,,,,,,,,
D_JOL D,104,2,Sacking - Dietary,62,StudyProc3,10,Sacking - ?,,0,U,,,,,,,,
D_JOL D,104,2,Sight - Debate,68,StudyProc3,10,Sight - ?,,0,U,,,,,,,,
D_JOL D,104,2,Bronze - Artery,69,StudyProc3,10,Bronze - ?,,0,U,,,,,,,,
D_JOL D,104,2,Hand - Fix,70,StudyProc3,10,Hand - ?,,0,U,,,,,,,,
D_JOL D,104,2,Position - Machine,71,StudyProc3,10,Position - ?,,0,U,,,,,,,,
D_JOL D,104,2,Tuck - Allow,73,StudyProc3,10,Tuck - ?,,0,U,,,,,,,,
D_JOL D,104,2,Lion - Art,74,StudyProc3,10,Lion - ?,art,1,U,,,,,,,,
D_JOL D,104,2,Accident - Strong,75,StudyProc3,10,Accident - ?,,0,U,,,,,,,,
D_JOL D,104,2,Would - Cash,78,StudyProc3,10,Would - ?,,0,U,,,,,,,,
D_JOL D,104,2,Sick - Hide,79,StudyProc3,10,Sick - ?,,0,U,,,,,,,,
D_JOL D,104,2,Vase - King,80,StudyProc3,10,Vase - ?,,0,U,,,,,,,,
D_JOL B,78,2,Soon - Belt,65,StudyProc3,11,Soon - ?,later,0,U,,,,,,,,
D_JOL B,78,2,Allow - Tuck,73,StudyProc3,11,Allow - ?,accept,0,U,,,,,,,,
D_JOL B,78,2,Valley - Add,77,StudyProc3,11,Valley - ?,mad,0,U,,,,,,,,
D_JOL B,78,2,Cash - Would,78,StudyProc3,11,Cash - ?,app,0,U,,,,,,,,
D_JOL D,92,2,Sacking - Dietary,62,StudyProc3,11,Sacking - ?,shacking,0,U,,,,,,,,
D_JOL A,73,2,Crackle - Able,66,StudyProc5,12,Meat - ?,pop,0,U,,,,,,,,
D_JOL A,73,2,Fuzzy - Bang,72,StudyProc5,12,Name - ?,dog,0,U,,,,,,,,
D_JOL A,77,2,Give - Steak,63,StudyProc5,12,Give - ?,take,0,U,,,,,,,,
D_JOL A,77,2,Keys - Joke,69,StudyProc5,12,Keys - ?,lock,0,U,,,,,,,,
D_JOL B,78,1,Crackle - Able,66,StudyProc5,12,Crackle - ?,Pop,0,U,,,,,,,,
D_JOL B,78,2,Park - Hungry,63,StudyProc3,12,Park - ?,eat,0,U,,,,,,,,
D_JOL B,78,2,Debate - Sight,68,StudyProc3,12,Debate - ?,talk,0,U,,,,,,,,
D_JOL B,78,2,Machine - Position,71,StudyProc3,12,Machine - ?,position,1,U,,,,,,,,
D_JOL B,78,2,Hide - Sick,79,StudyProc3,12,Hide - ?,sight,0,U,,,,,,,,
D_JOL C,83,2,Election - Maze,62,StudyProc5,12,Election - ?,hide,0,U,,,,,,,,
D_JOL C,83,1,Sick - Hide,79,StudyProc3,12,Sick - ?,Weak,0,U,,,,,,,,
D_JOL C,87,1,Hungry - Park,63,StudyProc3,12,Hungry - ?,eat,0,U,,,,,,,,
D_JOL C,87,1,Hand - Fix,70,StudyProc3,12,Hand - ?,wash,0,U,,,,,,,,
D_JOL C,87,1,Accident - Strong,75,StudyProc3,12,Accident - ?,injury,0,U,,,,,,,,
D_JOL C,87,1,Sick - Hide,79,StudyProc3,12,Sick - ?,cold,0,U,,,,,,,,
D_JOL A,89,2,Loan - Sign,75,StudyProc5,12,Loan - ?,money,0,U,,,,,,,,
D_JOL A,89,1,Allow - Tuck,73,StudyProc3,12,Allow - ?,accept,0,U,,,,,,,,
D_JOL B,106,1,Cake - Clothes,70,StudyProc5,12,Cake - ?,canle,0,U,,,,,,,,
D_JOL D,92,1,Steak - Give,73,StudyProc5,12,Steak - ?,give,1,U,,,,,,,,
D_JOL A,93,2,Keys - Joke,69,StudyProc5,12,Keys - ?,lock,0,U,,,,,,,,
D_JOL A,93,1,Discover - Floor,66,StudyProc3,12,Discover - ?,floor,1,U,,,,,,,,
D_JOL A,93,1,Machine - Position,71,StudyProc3,12,Machine - ?,work,0,U,,,,,,,,
D_JOL A,97,1,Fix - Hand,70,StudyProc3,12,Fix - ?,Hand,1,U,,,,,,,,
D_JOL A,101,2,Keys - Joke,69,StudyProc5,12,Keys - ?,both,0,U,,,,,,,,
D_JOL A,101,1,Death - Business,67,StudyProc3,12,Death - ?,bisness,1,U,,,,,,,,
D_JOL B,102,1,Justice - Maroon,61,StudyProc5,12,Justice - ?,Sherrif,0,U,,,,,,,,
D_JOL B,102,1,Keys - Joke,69,StudyProc5,12,Keys - ?,Jingle,0,U,,,,,,,,
D_JOL B,102,1,Loan - Sign,75,StudyProc5,12,Loan - ?,Bank,0,U,,,,,,,,
D_JOL B,102,2,Machine - Position,71,StudyProc3,12,Machine - ?,Learn,0,U,,,,,,,,
D_JOL B,102,2,Cash - Would,78,StudyProc3,12,Cash - ?,Money,0,U,,,,,,,,
D_JOL B,78,1,Cake - Clothes,70,StudyProc5,13,Cake - ?,Birthday,0,U,,,,,,,,
D_JOL B,78,1,Lease - Toil,74,StudyProc5,13,Lease - ?,House,0,U,,,,,,,,
D_JOL B,78,2,Discover - Floor,66,StudyProc3,13,Discover - ?,fnm,0,U,,,,,,,,
D_JOL C,83,1,Position - Machine,71,StudyProc3,13,Position - ?,Held,0,U,,,,,,,,
D_JOL D,88,2,Would - Cash,78,StudyProc3,13,Would - ?,,0,U,,,,,,,,
D_JOL D,92,2,Bronze - Artery,69,StudyProc3,13,Bronze - ?,artery,1,U,,,,,,,,
D_JOL A,97,1,Dietary - Sacking,62,StudyProc3,13,Dietary - ?,,0,U,,,,,,,,
D_JOL B,102,1,Crackle - Able,66,StudyProc5,13,Crackle - ?,Pop,0,U,,,,,,,,
D_JOL B,102,1,Fuzzy - Bang,72,StudyProc5,13,Fuzzy - ?,Bang,1,U,,,,,,,,
D_JOL B,102,2,Soon - Belt,65,StudyProc3,13,Soon - ?,After,0,U,,,,,,,,
D_JOL A,73,2,Keys - Joke,69,StudyProc5,14,Listen - ?,car,0,U,,,,,,,,
D_JOL C,87,1,Riddle - Sugar,76,StudyProc3,14,Riddle - ?,clue,0,U,,,,,,,,
D_JOL A,93,1,Lift - Woman,64,StudyProc3,14,Lift - ?,woman,1,U,,,,,,,,
D_JOL A,97,1,Park - Hungry,63,StudyProc3,14,Park - ?,Hungry,1,U,,,,,,,,
D_JOL A,97,1,Machine - Position,71,StudyProc3,14,Machine - ?,Position,1,U,,,,,,,,
D_JOL A,73,1,Artery - Bronze,69,StudyProc3,15,Artery - ?,,0,U,,,,,,,,
D_JOL A,77,2,Mirror - Children,78,StudyProc5,15,Mirror - ?,children,1,U,,,,,,,,
D_JOL A,77,1,Park - Hungry,63,StudyProc3,15,Park - ?,bench,0,U,,,,,,,,
D_JOL A,81,2,Keys - Joke,69,StudyProc5,15,Keys - ?,,0,U,,,,,,,,
D_JOL B,82,1,Crackle - Able,66,StudyProc5,15,Crackle - ?,noise,0,U,,,,,,,,
D_JOL B,82,1,Keys - Joke,69,StudyProc5,15,Keys - ?,Hold,0,U,,,,,,,,
D_JOL B,82,1,Fuzzy - Bang,72,StudyProc5,15,Fuzzy - ?,Dog,0,U,,,,,,,,
D_JOL B,82,1,Moat - Clear,73,StudyProc5,15,Moat - ?,Chocolate,0,U,,,,,,,,
D_JOL B,82,1,Temperature - Morning,77,StudyProc5,15,Temperature - ?,Morning,1,U,,,,,,,,
D_JOL B,82,1,Mirror - Children,78,StudyProc5,15,Mirror - ?,,0,U,,,,,,,,
D_JOL B,82,2,Discover - Floor,66,StudyProc3,15,Discover - ?,FIND,0,U,,,,,,,,
D_JOL B,82,2,Art - Lion,74,StudyProc3,15,Art - ?,DESIGN,0,U,,,,,,,,
D_JOL B,82,2,Valley - Add,77,StudyProc3,15,Valley - ?,DARK,0,U,,,,,,,,
D_JOL B,82,2,Cash - Would,78,StudyProc3,15,Cash - ?,WAGE,0,U,,,,,,,,
D_JOL B,82,2,Hide - Sick,79,StudyProc3,15,Hide - ?,OUT,0,U,,,,,,,,
D_JOL B,82,2,King - Vase,80,StudyProc3,15,King - ?,QUEEN,0,U,,,,,,,,
D_JOL C,83,2,Morning - Temperature,78,StudyProc5,15,Morning - ?,Shine,0,U,,,,,,,,
D_JOL C,83,1,Car - Happy,72,StudyProc3,15,Car - ?,Happy,1,U,,,,,,,,
D_JOL C,83,1,Accident - Strong,75,StudyProc3,15,Accident - ?,Mistake,0,U,,,,,,,,
D_JOL C,87,1,Woman - Lift,64,StudyProc3,15,Woman - ?,man,0,U,,,,,,,,
D_JOL C,87,1,Floor - Discover,66,StudyProc3,15,Floor - ?,tile,0,U,,,,,,,,
D_JOL C,87,1,Sight - Debate,68,StudyProc3,15,Sight - ?,see,0,U,,,,,,,,
D_JOL C,91,2,Charm - Vehicle,63,StudyProc5,15,Charm - ?,,0,U,,,,,,,,
D_JOL D,92,1,Cloth - Stretch,61,StudyProc5,15,Cloth - ?,stretch,1,U,,,,,,,,
D_JOL C,95,2,Toil - Lease,75,StudyProc5,15,Toil - ?,Test,0,U,,,,,,,,
D_JOL A,97,2,Mirror - Children,78,StudyProc5,15,Mirror - ?,Child,1,U,,,,,,,,
D_JOL B,98,1,Meat - Obtain,65,StudyProc5,15,Meat - ?,conceit,0,U,,,,,,,,
D_JOL D,100,1,Shake - Shell,66,StudyProc5,15,Shake - ?,shell,1,U,,,,,,,,
D_JOL D,100,1,Sign - Loan,76,StudyProc5,15,Sign - ?,,0,U,,,,,,,,
D_JOL D,100,1,Morning - Temperature,78,StudyProc5,15,Morning - ?,,0,U,,,,,,,,
D_JOL D,100,2,Hungry - Park,63,StudyProc3,15,Hungry - ?,,0,U,,,,,,,,
D_JOL D,100,2,Tuck - Allow,73,StudyProc3,15,Tuck - ?,,0,U,,,,,,,,
D_JOL A,101,2,Crackle - Able,66,StudyProc5,15,Crackle - ?,aircraft,0,U,,,,,,,,
D_JOL B,102,1,Moat - Clear,73,StudyProc5,15,Moat - ?,Clear,1,U,,,,,,,,
D_JOL C,103,1,Accident - Strong,75,StudyProc3,15,Accident - ?,car,0,U,,,,,,,,
D_JOL C,95,2,Cloth - Stretch,61,StudyProc5,16,Cloth - ?,Stretch,1,U,,,,,,,,
D_JOL A,101,2,Justice - Maroon,61,StudyProc5,16,Justice - ?,away,0,U,,,,,,,,
D_JOL A,101,1,King - Vase,80,StudyProc3,16,King - ?,leader,0,U,,,,,,,,
D_JOL A,73,2,Listen - Fiction,68,StudyProc5,17,Shell - ?,hear,0,U,,,,,,,,
D_JOL D,92,1,Charm - Vehicle,63,StudyProc5,17,Charm - ?,vehicle,1,U,,,,,,,,
D_JOL D,92,1,Main - Scar,80,StudyProc5,17,Main - ?,sock,0,U,,,,,,,,
D_JOL C,95,2,Obtain - Meat,64,StudyProc5,17,Obtain - ?,Grab,0,U,,,,,,,,
D_JOL C,95,2,Hate - Name,69,StudyProc5,17,Hate - ?,,0,U,,,,,,,,
D_JOL C,95,2,Clear - Moat,71,StudyProc5,17,Clear - ?,,0,U,,,,,,,,
D_JOL A,89,1,Death - Business,67,StudyProc3,18,Death - ?,row,0,U,,,,,,,,
D_JOL D,88,2,Floor - Discover,66,StudyProc3,19,Floor - ?,,0,U,,,,,,,,
D_JOL A,93,2,Lease - Toil,74,StudyProc5,19,Lease - ?,borrow,0,U,,,,,,,,
D_JOL C,95,2,Fiction - Listen,67,StudyProc5,19,Fiction - ?,Fact,0,U,,,,,,,,
D_JOL A,73,2,Mirror - Children,78,StudyProc5,20,Temperature - ?,child,0,U,,,,,,,,
D_JOL A,77,2,Listen - Fiction,68,StudyProc5,20,Listen - ?,hear,0,U,,,,,,,,
D_JOL A,77,2,Moat - Clear,73,StudyProc5,20,Moat - ?,blank,0,U,,,,,,,,
D_JOL A,77,2,Lease - Toil,74,StudyProc5,20,Lease - ?,sign,0,U,,,,,,,,
D_JOL A,77,1,Debate - Sight,68,StudyProc3,20,Debate - ?,discussion,0,U,,,,,,,,
D_JOL A,77,1,Art - Lion,74,StudyProc3,20,Art - ?,archeiture,0,U,,,,,,,,
D_JOL A,81,2,Moat - Clear,73,StudyProc5,20,Moat - ?,,0,U,,,,,,,,
D_JOL B,82,1,Stretch - Cloth,62,StudyProc5,20,Stretch - ?,EXTEND,0,U,,,,,,,,
D_JOL B,82,1,Listen - Fiction,68,StudyProc5,20,Listen - ?,Hear,0,U,,,,,,,,
D_JOL B,82,1,Lease - Toil,74,StudyProc5,20,Lease - ?,Loan,0,U,,,,,,,,
D_JOL B,82,2,Artery - Bronze,69,StudyProc3,20,Artery - ?,BLOOD,0,U,,,,,,,,
D_JOL C,83,2,Children - Mirror,79,StudyProc5,20,Children - ?,Mirror,1,U,,,,,,,,
D_JOL C,83,1,Hand - Fix,70,StudyProc3,20,Hand - ?,Write,0,U,,,,,,,,
D_JOL D,84,2,Position - Machine,71,StudyProc3,20,Position - ?,footbll,0,U,,,,,,,,
D_JOL B,86,1,Both - Ounce,76,StudyProc5,20,Both - ?,single,0,U,,,,,,,,
D_JOL C,87,1,Position - Machine,71,StudyProc3,20,Position - ?,relax,0,U,,,,,,,,
D_JOL B,90,1,Maze - Election,64,StudyProc5,20,Maze - ?,election,1,U,,,,,,,,
D_JOL B,90,1,Listen - Fiction,68,StudyProc5,20,Listen - ?,,0,U,,,,,,,,
D_JOL B,90,1,Keys - Joke,69,StudyProc5,20,Keys - ?,,0,U,,,,,,,,
D_JOL B,90,2,King - Vase,80,StudyProc3,20,King - ?,,0,U,,,,,,,,
D_JOL B,106,1,Fuzzy - Bang,72,StudyProc5,20,Fuzzy - ?,dog,0,U,,,,,,,,
D_JOL B,94,1,Lease - Toil,74,StudyProc5,20,Lease - ?,own,0,U,,,,,,,,
D_JOL B,94,2,Soon - Belt,65,StudyProc3,20,Soon - ?,away,0,U,,,,,,,,
D_JOL B,94,2,Sugar - Riddle,76,StudyProc3,20,Sugar - ?,pop,0,U,,,,,,,,
D_JOL B,94,2,Valley - Add,77,StudyProc3,20,Valley - ?,gre,0,U,,,,,,,,
D_JOL B,94,2,Cash - Would,78,StudyProc3,20,Cash - ?,deposit,0,U,,,,,,,,
D_JOL D,96,1,Shake - Shell,66,StudyProc5,20,Shake - ?,,0,U,,,,,,,,
D_JOL D,96,1,Joke - Keys,68,StudyProc5,20,Joke - ?,,0,U,,,,,,,,
D_JOL D,96,1,Morning - Temperature,78,StudyProc5,20,Morning - ?,tired,0,U,,,,,,,,
D_JOL D,96,2,Sacking - Dietary,62,StudyProc3,20,Sacking - ?,,0,U,,,,,,,,
D_JOL D,96,2,Bronze - Artery,69,StudyProc3,20,Bronze - ?,,0,U,,,,,,,,
D_JOL D,96,2,Lion - Art,74,StudyProc3,20,Lion - ?,,0,U,,,,,,,,
D_JOL A,97,2,Stretch - Cloth,62,StudyProc5,20,Stretch - ?,Cloth,1,U,,,,,,,,
D_JOL A,97,2,Listen - Fiction,68,StudyProc5,20,Listen - ?,,0,U,,,,,,,,
D_JOL A,97,2,Main - Scar,79,StudyProc5,20,Main - ?,Scar,1,U,,,,,,,,
D_JOL C,99,2,Sign - Loan,76,StudyProc5,20,Sign - ?,language,0,U,,,,,,,,
D_JOL C,99,1,Woman - Lift,64,StudyProc3,20,Woman - ?,lift,1,U,,,,,,,,
D_JOL D,100,1,Obtain - Meat,64,StudyProc5,20,Obtain - ?,have,0,U,,,,,,,,
D_JOL A,101,2,Give - Steak,63,StudyProc5,20,Give - ?,take,0,U,,,,,,,,
D_JOL A,101,1,Machine - Position,71,StudyProc3,20,Machine - ?,position,1,U,,,,,,,,
D_JOL A,101,1,Hide - Sick,79,StudyProc3,20,Hide - ?,sick,1,U,,,,,,,,
D_JOL B,102,1,Name - Hate,71,StudyProc5,20,Name - ?,Revenge,0,U,,,,,,,,
D_JOL B,102,1,Main - Scar,79,StudyProc5,20,Main - ?,Line,0,U,,,,,,,,
D_JOL D,104,1,Shake - Shell,66,StudyProc5,20,Shake - ?,,0,U,,,,,,,,
D_JOL D,104,1,Steak - Give,73,StudyProc5,20,Steak - ?,,0,U,,,,,,,,
D_JOL A,73,1,Soon - Belt,65,StudyProc3,21,Soon - ?,later,0,U,,,,,,,,
D_JOL B,78,1,Justice - Maroon,61,StudyProc5,21,Justice - ?,Peace,0,U,,,,,,,,
D_JOL C,83,1,Woman - Lift,64,StudyProc3,21,Woman - ?,Seizure,0,U,,,,,,,,
D_JOL D,92,1,Joke - Keys,68,StudyProc5,21,Joke - ?,keys,1,U,,,,,,,,
D_JOL C,95,2,Bang - Fuzzy,70,StudyProc5,21,Bang - ?,Fuzzy,1,U,,,,,,,,
D_JOL A,97,2,Shell - Snake,67,StudyProc5,21,Shell - ?,Snake,1,U,,,,,,,,
D_JOL A,97,2,Moat - Clear,73,StudyProc5,21,Moat - ?,Clear,1,U,,,,,,,,
D_JOL B,102,1,Stretch - Cloth,62,StudyProc5,21,Stretch - ?,Fabric,0,U,,,,,,,,
D_JOL A,77,1,Fix - Hand,70,StudyProc3,22,Fix - ?,hand,1,U,,,,,,,,
D_JOL B,78,2,Fix - Hand,70,StudyProc3,22,Fix - ?,break,0,U,,,,,,,,
D_JOL B,86,1,Lease - Toil,74,StudyProc5,22,Lease - ?,own,0,U,,,,,,,,
D_JOL D,88,2,Belt - Soon,65,StudyProc3,22,Belt - ?,seatbelt,0,U,,,,,,,,
D_JOL B,90,1,Name - Hate,71,StudyProc5,22,Name - ?,,0,U,,,,,,,,
D_JOL B,90,1,Main - Scar,79,StudyProc5,22,Main - ?,,0,U,,,,,,,,
D_JOL D,92,2,Riddle - Sugar,76,StudyProc3,22,Riddle - ?,trick,0,U,,,,,,,,
D_JOL A,93,1,Art - Lion,74,StudyProc3,22,Art - ?,lion,1,U,,,,,,,,
D_JOL C,95,2,Joke - Keys,68,StudyProc5,22,Joke - ?,Laugh,0,U,,,,,,,,
D_JOL B,102,2,Pusher - Clutter,61,StudyProc3,22,Pusher - ?,Work,0,U,,,,,,,,
D_JOL A,77,2,Fuzzy - Bang,72,StudyProc5,23,Fuzzy - ?,dog,0,U,,,,,,,,
D_JOL B,78,2,Art - Lion,74,StudyProc3,23,Art - ?,lion,1,U,,,,,,,,
D_JOL B,86,1,Justice - Maroon,61,StudyProc5,23,Justice - ?,judge,0,U,,,,,,,,
D_JOL D,88,1,Toil - Lease,75,StudyProc5,23,Toil - ?,soil,0,U,,,,,,,,
D_JOL D,88,1,Ounce - Both,77,StudyProc5,23,Ounce - ?,bounce,0,U,,,,,,,,
D_JOL D,88,1,Children - Mirror,79,StudyProc5,23,Children - ?,,0,U,,,,,,,,
D_JOL D,88,2,Sick - Hide,79,StudyProc3,23,Sick - ?,,0,U,,,,,,,,
D_JOL A,89,1,King - Vase,80,StudyProc3,23,King - ?,crown,0,U,,,,,,,,
D_JOL D,92,2,Floor - Discover,66,StudyProc3,23,Floor - ?,earth,0,U,,,,,,,,
D_JOL D,92,2,Position - Machine,71,StudyProc3,23,Position - ?,manager,0,U,,,,,,,,
D_JOL A,93,2,Temperature - Morning,77,StudyProc5,23,Temperature - ?,hot,0,U,,,,,,,,
D_JOL A,93,1,Debate - Sight,68,StudyProc3,23,Debate - ?,sight,1,U,,,,,,,,
D_JOL C,95,2,Main - Scar,80,StudyProc5,23,Main - ?,Scar,1,U,,,,,,,,
D_JOL B,102,1,Maze - Election,64,StudyProc5,23,Maze - ?,Fish,0,U,,,,,,,,
D_JOL B,102,2,Allow - Tuck,73,StudyProc3,23,Allow - ?,Permit,0,U,,,,,,,,
D_JOL A,97,2,Temperature - Morning,77,StudyProc5,24,Temperature - ?,Morning,1,U,,,,,,,,
D_JOL A,97,1,Hide - Sick,79,StudyProc3,24,Hide - ?,Sick,1,U,,,,,,,,
D_JOL A,77,1,Discover - Floor,66,StudyProc3,25,Discover - ?,travel,0,U,,,,,,,,
D_JOL A,81,2,Give - Steak,63,StudyProc5,25,Give - ?,,0,U,,,,,,,,
D_JOL A,81,2,Maze - Election,64,StudyProc5,25,Maze - ?,,0,U,,,,,,,,
D_JOL A,81,2,Listen - Fiction,68,StudyProc5,25,Listen - ?,,0,U,,,,,,,,
D_JOL A,81,2,Cake - Clothes,70,StudyProc5,25,Cake - ?,,0,U,,,,,,,,
D_JOL A,81,2,Lease - Toil,74,StudyProc5,25,Lease - ?,,0,U,,,,,,,,
D_JOL A,81,2,Both - Ounce,76,StudyProc5,25,Both - ?,,0,U,,,,,,,,
D_JOL A,81,2,Mirror - Children,78,StudyProc5,25,Mirror - ?,children,1,U,,,,,,,,
D_JOL A,81,1,Pusher - Clutter,61,StudyProc3,25,Pusher - ?,,0,U,,,,,,,,
D_JOL A,81,1,Dietary - Sacking,62,StudyProc3,25,Dietary - ?,,0,U,,,,,,,,
D_JOL A,81,1,Park - Hungry,63,StudyProc3,25,Park - ?,hungry,1,U,,,,,,,,
D_JOL A,81,1,Lift - Woman,64,StudyProc3,25,Lift - ?,woman,1,U,,,,,,,,
D_JOL A,81,1,Soon - Belt,65,StudyProc3,25,Soon - ?,,0,U,,,,,,,,
D_JOL A,81,1,Discover - Floor,66,StudyProc3,25,Discover - ?,,0,U,,,,,,,,
D_JOL A,81,1,Artery - Bronze,69,StudyProc3,25,Artery - ?,,0,U,,,,,,,,
D_JOL A,81,1,Art - Lion,74,StudyProc3,25,Art - ?,,0,U,,,,,,,,
D_JOL A,81,1,Strong - Accident,75,StudyProc3,25,Strong - ?,,0,U,,,,,,,,
D_JOL A,81,1,Valley - Add,77,StudyProc3,25,Valley - ?,,0,U,,,,,,,,
D_JOL A,81,1,King - Vase,80,StudyProc3,25,King - ?,,0,U,,,,,,,,
D_JOL B,82,1,Justice - Maroon,61,StudyProc5,25,Justice - ?,Peace,0,U,,,,,,,,
D_JOL B,82,1,Shell - Snake,67,StudyProc5,25,Shell - ?,hard,0,U,,,,,,,,
D_JOL B,82,1,Loan - Sign,75,StudyProc5,25,Loan - ?,Lease,0,U,,,,,,,,
D_JOL B,82,1,Both - Ounce,76,StudyProc5,25,Both - ?,two,0,U,,,,,,,,
D_JOL B,82,2,Pusher - Clutter,61,StudyProc3,25,Pusher - ?,HARD,0,U,,,,,,,,
D_JOL B,82,2,Dietary - Sacking,62,StudyProc3,25,Dietary - ?,HEALTHY,0,U,,,,,,,,
D_JOL B,82,2,Debate - Sight,68,StudyProc3,25,Debate - ?,TEAM,0,U,,,,,,,,
D_JOL B,82,2,Fix - Hand,70,StudyProc3,25,Fix - ?,HAND,1,U,,,,,,,,
D_JOL B,82,2,Machine - Position,71,StudyProc3,25,Machine - ?,FACTORY,0,U,,,,,,,,
D_JOL B,82,2,Happy - Car,72,StudyProc3,25,Happy - ?,ENDING,0,U,,,,,,,,
D_JOL B,82,2,Strong - Accident,75,StudyProc3,25,Strong - ?,WEAK,0,U,,,,,,,,
D_JOL A,85,2,Stretch - Cloth,62,StudyProc5,25,Stretch - ?,clothes,0,U,,,,,,,,
D_JOL A,85,2,Give - Steak,63,StudyProc5,25,Give - ?,recieve,0,U,,,,,,,,
D_JOL A,85,2,Maze - Election,64,StudyProc5,25,Maze - ?,foundation,0,U,,,,,,,,
D_JOL A,85,2,Shell - Snake,67,StudyProc5,25,Shell - ?,snake,1,U,,,,,,,,
D_JOL A,85,2,Listen - Fiction,68,StudyProc5,25,Listen - ?,hear,0,U,,,,,,,,
D_JOL A,85,1,Lift - Woman,64,StudyProc3,25,Lift - ?,grab,0,U,,,,,,,,
D_JOL A,85,1,Soon - Belt,65,StudyProc3,25,Soon - ?,,0,U,,,,,,,,
D_JOL A,85,1,Discover - Floor,66,StudyProc3,25,Discover - ?,found,0,U,,,,,,,,
D_JOL A,85,1,Death - Business,67,StudyProc3,25,Death - ?,,0,U,,,,,,,,
D_JOL A,85,1,Debate - Sight,68,StudyProc3,25,Debate - ?,choice,0,U,,,,,,,,
D_JOL A,85,1,Artery - Bronze,69,StudyProc3,25,Artery - ?,bronze,1,U,,,,,,,,
D_JOL A,85,1,Fix - Hand,70,StudyProc3,25,Fix - ?,it,0,U,,,,,,,,
D_JOL A,85,1,Happy - Car,72,StudyProc3,25,Happy - ?,,0,U,,,,,,,,
D_JOL A,85,1,Strong - Accident,75,StudyProc3,25,Strong - ?,weak,0,U,,,,,,,,
D_JOL A,85,1,Valley - Add,77,StudyProc3,25,Valley - ?,art,0,U,,,,,,,,
D_JOL A,85,1,Cash - Would,78,StudyProc3,25,Cash - ?,cow,0,U,,,,,,,,
D_JOL A,85,1,King - Vase,80,StudyProc3,25,King - ?,lion,0,U,,,,,,,,
D_JOL D,88,2,Sacking - Dietary,62,StudyProc3,25,Sacking - ?,,0,U,,,,,,,,
D_JOL D,88,2,Woman - Lift,64,StudyProc3,25,Woman - ?,,0,U,,,,,,,,
D_JOL D,88,2,Position - Machine,71,StudyProc3,25,Position - ?,,0,U,,,,,,,,
D_JOL D,88,2,Accident - Strong,75,StudyProc3,25,Accident - ?,,0,U,,,,,,,,
D_JOL C,91,2,Bang - Fuzzy,70,StudyProc5,25,Bang - ?,,0,U,,,,,,,,
D_JOL B,94,2,Art - Lion,74,StudyProc3,25,Art - ?,horse,0,U,,,,,,,,
D_JOL C,95,1,Vase - King,80,StudyProc3,25,Vase - ?,,0,U,,,,,,,,
D_JOL C,99,1,Hand - Fix,70,StudyProc3,25,Hand - ?,arm,0,U,,,,,,,,
D_JOL D,100,1,Election - Maze,62,StudyProc5,25,Election - ?,,0,U,,,,,,,,
D_JOL C,103,2,Hate - Name,69,StudyProc5,25,Hate - ?,,0,U,,,,,,,,
D_JOL C,103,2,Bang - Fuzzy,70,StudyProc5,25,Bang - ?,,0,U,,,,,,,,
D_JOL C,103,2,Toil - Lease,75,StudyProc5,25,Toil - ?,,0,U,,,,,,,,
D_JOL C,103,2,Children - Mirror,79,StudyProc5,25,Children - ?,baby,0,U,,,,,,,,
D_JOL C,103,1,Woman - Lift,64,StudyProc3,25,Woman - ?,fit,0,U,,,,,,,,
D_JOL C,103,1,Car - Happy,72,StudyProc3,25,Car - ?,,0,U,,,,,,,,
D_JOL C,103,1,Vase - King,80,StudyProc3,25,Vase - ?,flowe,0,U,,,,,,,,
D_JOL C,95,2,Charm - Vehicle,63,StudyProc5,26,Charm - ?,Funny,0,U,,,,,,,,
D_JOL C,95,1,Add - Valley,77,StudyProc3,26,Add - ?,,0,U,,,,,,,,
D_JOL C,95,2,Steak - Give,73,StudyProc5,27,Steak - ?,Cut,0,U,,,,,,,,
D_JOL C,95,2,Sign - Loan,76,StudyProc5,27,Sign - ?,Stop,0,U,,,,,,,,
D_JOL A,77,2,Stretch - Cloth,62,StudyProc5,30,Stretch - ?,height,0,U,,,,,,,,
D_JOL A,77,2,Both - Ounce,76,StudyProc5,30,Both - ?,allow,0,U,,,,,,,,
D_JOL A,77,1,Machine - Position,71,StudyProc3,30,Machine - ?,hammer,0,U,,,,,,,,
D_JOL C,83,2,Cloth - Stretch,61,StudyProc5,30,Cloth - ?,Iron,0,U,,,,,,,,
D_JOL C,83,2,Joke - Keys,68,StudyProc5,30,Joke - ?,,0,U,,,,,,,,
D_JOL C,83,2,Bang - Fuzzy,70,StudyProc5,30,Bang - ?,Gun,0,U,,,,,,,,
D_JOL C,83,1,Business - Death,67,StudyProc3,30,Business - ?,State,0,U,,,,,,,,
D_JOL D,84,1,Bang - Fuzzy,70,StudyProc5,30,Bang - ?,,0,U,,,,,,,,
D_JOL C,87,1,Car - Happy,72,StudyProc3,30,Car - ?,truck,0,U,,,,,,,,
D_JOL B,90,1,Meat - Obtain,65,StudyProc5,30,Meat - ?,moat,0,U,,,,,,,,
D_JOL B,90,1,Cake - Clothes,70,StudyProc5,30,Cake - ?,,0,U,,,,,,,,
D_JOL B,90,1,Moat - Clear,73,StudyProc5,30,Moat - ?,meat,0,U,,,,,,,,
D_JOL B,90,1,Both - Ounce,76,StudyProc5,30,Both - ?,,0,U,,,,,,,,
D_JOL B,90,2,Cash - Would,78,StudyProc3,30,Cash - ?,,0,U,,,,,,,,
D_JOL D,108,1,Steak - Give,73,StudyProc5,30,Steak - ?,Meat,0,U,,,,,,,,
D_JOL D,108,1,Ounce - Both,77,StudyProc5,30,Ounce - ?,Pounds,0,U,,,,,,,,
D_JOL D,108,2,Woman - Lift,64,StudyProc3,30,Woman - ?,,0,U,,,,,,,,
D_JOL D,108,2,Belt - Soon,65,StudyProc3,30,Belt - ?,Seatbelt,0,U,,,,,,,,
D_JOL D,108,2,Floor - Discover,66,StudyProc3,30,Floor - ?,Tree,0,U,,,,,,,,
D_JOL D,108,2,Position - Machine,71,StudyProc3,30,Position - ?,,0,U,,,,,,,,
D_JOL D,108,2,Car - Happy,72,StudyProc3,30,Car - ?,Accident,0,U,,,,,,,,
D_JOL D,108,2,Riddle - Sugar,76,StudyProc3,30,Riddle - ?,Joke,0,U,,,,,,,,
D_JOL D,108,2,Add - Valley,77,StudyProc3,30,Add - ?,Subtract,0,U,,,,,,,,
D_JOL C,91,2,Main - Scar,80,StudyProc5,30,Main - ?,,0,U,,,,,,,,
D_JOL D,92,1,Sign - Loan,76,StudyProc5,30,Sign - ?,exit,0,U,,,,,,,,
D_JOL B,94,1,Meat - Obtain,65,StudyProc5,30,Meat - ?,mince,0,U,,,,,,,,
D_JOL B,94,1,Keys - Joke,69,StudyProc5,30,Keys - ?,car,0,U,,,,,,,,
D_JOL B,94,2,Pusher - Clutter,61,StudyProc3,30,Pusher - ?,,0,U,,,,,,,,
D_JOL B,94,2,Lift - Woman,64,StudyProc3,30,Lift - ?,dead,0,U,,,,,,,,
D_JOL B,94,2,Death - Business,67,StudyProc3,30,Death - ?,valley,0,U,,,,,,,,
D_JOL B,94,2,Artery - Bronze,69,StudyProc3,30,Artery - ?,blood,0,U,,,,,,,,
D_JOL B,94,2,Machine - Position,71,StudyProc3,30,Machine - ?,,0,U,,,,,,,,
D_JOL C,95,1,Would - Cash,78,StudyProc3,30,Would - ?,,0,U,,,,,,,,
D_JOL D,96,1,Election - Maze,62,StudyProc5,30,Election - ?,president,0,U,,,,,,,,
D_JOL D,96,1,Charm - Vehicle,63,StudyProc5,30,Charm - ?,,0,U,,,,,,,,
D_JOL D,96,1,Fiction - Listen,67,StudyProc5,30,Fiction - ?,tale,0,U,,,,,,,,
D_JOL D,96,1,Hate - Name,69,StudyProc5,30,Hate - ?,,0,U,,,,,,,,
D_JOL D,96,1,Clear - Moat,71,StudyProc5,30,Clear - ?,,0,U,,,,,,,,
D_JOL D,96,1,Main - Scar,80,StudyProc5,30,Main - ?,,0,U,,,,,,,,
D_JOL D,96,2,Clutter - Pusher,61,StudyProc3,30,Clutter - ?,,0,U,,,,,,,,
D_JOL D,96,2,Business - Death,67,StudyProc3,30,Business - ?,,0,U,,,,,,,,
D_JOL D,96,2,Sight - Debate,68,StudyProc3,30,Sight - ?,location,0,U,,,,,,,,
D_JOL D,96,2,Tuck - Allow,73,StudyProc3,30,Tuck - ?,roll,0,U,,,,,,,,
D_JOL D,96,2,Riddle - Sugar,76,StudyProc3,30,Riddle - ?,,0,U,,,,,,,,
D_JOL D,96,2,Vase - King,80,StudyProc3,30,Vase - ?,,0,U,,,,,,,,
D_JOL B,98,2,Dietary - Sacking,62,StudyProc3,30,Dietary - ?,needs,0,U,,,,,,,,
D_JOL B,98,2,Debate - Sight,68,StudyProc3,30,Debate - ?,discuss,0,U,,,,,,,,
D_JOL B,98,2,Fix - Hand,70,StudyProc3,30,Fix - ?,hammer,0,U,,,,,,,,
D_JOL B,98,2,Art - Lion,74,StudyProc3,30,Art - ?,artery,0,U,,,,,,,,
D_JOL D,100,1,Clear - Moat,71,StudyProc5,30,Clear - ?,water,0,U,,,,,,,,
D_JOL B,102,2,Debate - Sight,68,StudyProc3,30,Debate - ?,Site,0,U,,,,,,,,
D_JOL C,103,2,Cloth - Stretch,61,StudyProc5,30,Cloth - ?,paper,0,U,,,,,,,,
D_JOL C,103,2,Steak - Give,73,StudyProc5,30,Steak - ?,give,1,U,,,,,,,,
D_JOL C,103,1,Bronze - Artery,69,StudyProc3,30,Bronze - ?,alter,0,U,,,,,,,,
D_JOL D,104,1,Sign - Loan,76,StudyProc5,30,Sign - ?,,0,U,,,,,,,,
D_JOL D,104,1,Main - Scar,80,StudyProc5,30,Main - ?,,0,U,,,,,,,,
D_JOL D,104,2,Belt - Soon,65,StudyProc3,30,Belt - ?,,0,U,,,,,,,,
D_JOL A,89,1,Hide - Sick,79,StudyProc3,31,Hide - ?,Take,0,U,,,,,,,,
D_JOL A,77,1,Lift - Woman,64,StudyProc3,32,Lift - ?,allow,0,U,,,,,,,,
D_JOL C,83,1,Lion - Art,74,StudyProc3,32,Lion - ?,Art,1,U,,,,,,,,
D_JOL B,86,1,Maze - Election,64,StudyProc5,32,Maze - ?,puzzle,0,U,,,,,,,,
D_JOL B,86,1,Shell - Snake,67,StudyProc5,32,Shell - ?,snake,1,U,,,,,,,,
D_JOL D,88,2,Car - Happy,72,StudyProc3,32,Car - ?,windsheild,0,U,,,,,,,,
D_JOL A,89,1,Soon - Belt,65,StudyProc3,32,Soon - ?,night,0,U,,,,,,,,
D_JOL A,89,1,Debate - Sight,68,StudyProc3,32,Debate - ?,discussion,0,U,,,,,,,,
D_JOL D,92,2,Sight - Debate,68,StudyProc3,32,Sight - ?,river,0,U,,,,,,,,
D_JOL B,102,2,Valley - Add,77,StudyProc3,32,Valley - ?,Ball,0,U,,,,,,,,
D_JOL B,78,2,Death - Business,67,StudyProc3,33,Death - ?,coffin,0,U,,,,,,,,
D_JOL D,84,1,Able - Crackle,65,StudyProc5,33,Able - ?,Fortunate,0,U,,,,,,,,
D_JOL B,86,1,Give - Steak,63,StudyProc5,33,Give - ?,have,0,U,,,,,,,,
D_JOL B,86,1,Cake - Clothes,70,StudyProc5,33,Cake - ?,eat,0,U,,,,,,,,
D_JOL B,86,1,Moat - Clear,73,StudyProc5,33,Moat - ?,coat,0,U,,,,,,,,
D_JOL B,86,1,Mirror - Children,78,StudyProc5,33,Mirror - ?,children,1,U,,,,,,,,
D_JOL B,86,2,Machine - Position,71,StudyProc3,33,Machine - ?,postion,1,U,,,,,,,,
D_JOL A,89,1,Park - Hungry,63,StudyProc3,33,Park - ?,out,0,U,,,,,,,,
D_JOL A,93,1,Fix - Hand,70,StudyProc3,33,Fix - ?,hand,1,U,,,,,,,,
D_JOL A,77,2,Name - Hate,71,StudyProc5,34,Name - ?,blank,0,U,,,,,,,,
D_JOL B,78,1,Loan - Sign,75,StudyProc5,34,Loan - ?,Give,0,U,,,,,,,,
D_JOL B,78,1,Mirror - Children,78,StudyProc5,34,Mirror - ?,Reflection,0,U,,,,,,,,
D_JOL B,86,1,Stretch - Cloth,62,StudyProc5,34,Stretch - ?,mark,0,U,,,,,,,,
D_JOL B,86,1,Temperature - Morning,77,StudyProc5,34,Temperature - ?,hot,0,U,,,,,,,,
D_JOL D,92,1,Obtain - Meat,64,StudyProc5,34,Obtain - ?,recieve,0,U,,,,,,,,
D_JOL D,92,1,Shake - Shell,66,StudyProc5,34,Shake - ?,play,0,U,,,,,,,,
D_JOL B,94,2,Discover - Floor,66,StudyProc3,34,Discover - ?,,0,U,,,,,,,,
D_JOL B,82,1,Give - Steak,63,StudyProc5,35,Give - ?,Take,0,U,,,,,,,,
D_JOL B,82,1,Cake - Clothes,70,StudyProc5,35,Cake - ?,Icing,0,U,,,,,,,,
D_JOL B,82,2,Soon - Belt,65,StudyProc3,35,Soon - ?,LATER,0,U,,,,,,,,
D_JOL B,82,2,Sugar - Riddle,76,StudyProc3,35,Sugar - ?,SWEET,0,U,,,,,,,,
D_JOL B,86,1,Main - Scar,79,StudyProc5,35,Main - ?,section,0,U,,,,,,,,
D_JOL A,89,1,Fix - Hand,70,StudyProc3,35,Fix - ?,broke,0,U,,,,,,,,
D_JOL C,91,2,Shake - Shell,66,StudyProc5,35,Shake - ?,,0,U,,,,,,,,
D_JOL C,91,2,Sign - Loan,76,StudyProc5,35,Sign - ?,,0,U,,,,,,,,
D_JOL C,91,1,Business - Death,67,StudyProc3,35,Business - ?,card,0,U,,,,,,,,
D_JOL C,91,1,Sick - Hide,79,StudyProc3,35,Sick - ?,cold,0,U,,,,,,,,
D_JOL D,92,1,Hate - Name,69,StudyProc5,35,Hate - ?,cherry,0,U,,,,,,,,
D_JOL A,93,1,Hide - Sick,79,StudyProc3,35,Hide - ?,seek,0,U,,,,,,,,
D_JOL B,94,1,Listen - Fiction,68,StudyProc5,35,Listen - ?,hear,0,U,,,,,,,,
D_JOL D,96,1,Able - Crackle,65,StudyProc5,35,Able - ?,,0,U,,,,,,,,
D_JOL D,96,1,Steak - Give,73,StudyProc5,35,Steak - ?,,0,U,,,,,,,,
D_JOL B,98,1,Shell - Snake,67,StudyProc5,35,Shell - ?,snake,1,U,,,,,,,,
D_JOL D,100,2,Enough - Full,1,StudyProc3,35,Enough - ?,full,1,U,,,,,,,,
D_JOL C,103,2,Sign - Loan,76,StudyProc5,35,Sign - ?,signal,0,U,,,,,,,,
D_JOL A,105,2,Fuzzy - Bang,72,StudyProc5,35,Fuzzy - ?,Cat,0,U,,,,,,,,
D_JOL A,77,2,Shell - Snake,67,StudyProc5,36,Shell - ?,snake,1,U,,,,,,,,
D_JOL D,88,2,Lion - Art,74,StudyProc3,36,Lion - ?,,0,U,,,,,,,,
D_JOL C,95,1,Riddle - Sugar,76,StudyProc3,36,Riddle - ?,,0,U,,,,,,,,
D_JOL C,95,2,Ounce - Both,77,StudyProc5,37,Ounce - ?,,0,U,,,,,,,,
D_JOL C,95,2,Morning - Temperature,78,StudyProc5,38,Morning - ?,,0,U,,,,,,,,
D_JOL B,74,1,Maze - Election,64,StudyProc5,40,Maze - ?,game,0,U,,,,,,,,
D_JOL A,77,1,Soon - Belt,65,StudyProc3,40,Soon - ?,after,0,U,,,,,,,,
D_JOL B,82,2,Lift - Woman,64,StudyProc3,40,Lift - ?,HEAVY,0,U,,,,,,,,
D_JOL C,83,2,Hate - Name,69,StudyProc5,40,Hate - ?,Can,0,U,,,,,,,,
D_JOL C,83,2,Sign - Loan,76,StudyProc5,40,Sign - ?,stop,0,U,,,,,,,,
D_JOL C,83,1,Clutter - Pusher,61,StudyProc3,40,Clutter - ?,Trash,0,U,,,,,,,,
D_JOL D,88,2,Tuck - Allow,73,StudyProc3,40,Tuck - ?,in,0,U,,,,,,,,
D_JOL B,90,1,Stretch - Cloth,62,StudyProc5,40,Stretch - ?,cloth,1,U,,,,,,,,
D_JOL B,90,2,Lift - Woman,64,StudyProc3,40,Lift - ?,,0,U,,,,,,,,
D_JOL B,90,2,Hide - Sick,79,StudyProc3,40,Hide - ?,scare,0,U,,,,,,,,
D_JOL B,106,1,Listen - Fiction,68,StudyProc5,40,Listen - ?,read,0,U,,,,,,,,
D_JOL D,108,1,Election - Maze,62,StudyProc5,40,Election - ?,Politics,0,U,,,,,,,,
D_JOL D,108,1,Shake - Shell,66,StudyProc5,40,Shake - ?,Toss,0,U,,,,,,,,
D_JOL D,108,2,Lion - Art,74,StudyProc3,40,Lion - ?,Mane,0,U,,,,,,,,
D_JOL C,91,1,Belt - Soon,65,StudyProc3,40,Belt - ?,,0,U,,,,,,,,
D_JOL B,94,1,Maze - Election,64,StudyProc5,40,Maze - ?,desert,0,U,,,,,,,,
D_JOL B,94,1,Temperature - Morning,77,StudyProc5,40,Temperature - ?,morning,1,U,,,,,,,,
D_JOL B,94,2,King - Vase,80,StudyProc3,40,King - ?,queen,0,U,,,,,,,,
D_JOL C,95,1,Hand - Fix,70,StudyProc3,40,Hand - ?,,0,U,,,,,,,,
D_JOL D,96,1,Bang - Fuzzy,70,StudyProc5,40,Bang - ?,,0,U,,,,,,,,
D_JOL D,96,1,Sign - Loan,76,StudyProc5,40,Sign - ?,,0,U,,,,,,,,
D_JOL D,96,1,Ounce - Both,77,StudyProc5,40,Ounce - ?,,0,U,,,,,,,,
D_JOL D,96,2,Belt - Soon,65,StudyProc3,40,Belt - ?,,0,U,,,,,,,,
D_JOL D,96,2,Car - Happy,72,StudyProc3,40,Car - ?,,0,U,,,,,,,,
D_JOL D,96,2,Accident - Strong,75,StudyProc3,40,Accident - ?,car,0,U,,,,,,,,
D_JOL B,102,1,Mirror - Children,78,StudyProc5,40,Mirror - ?,child,1,U,,,,,,,,
D_JOL C,103,2,Ounce - Both,77,StudyProc5,40,Ounce - ?,,0,U,,,,,,,,
D_JOL D,88,2,Vase - King,80,StudyProc3,41,Vase - ?,,0,U,,,,,,,,
D_JOL A,89,1,Pusher - Clutter,61,StudyProc3,41,Pusher - ?,thrower,0,U,,,,,,,,
D_JOL C,95,2,Children - Mirror,79,StudyProc5,41,Children - ?,,0,U,,,,,,,,
D_JOL D,92,2,Sick - Hide,79,StudyProc3,42,Sick - ?,sneeze,0,U,,,,,,,,
D_JOL B,78,1,Moat - Clear,73,StudyProc5,43,Moat - ?,Just,0,U,,,,,,,,
D_JOL B,78,1,Temperature - Morning,77,StudyProc5,43,Temperature - ?,Hot,0,U,,,,,,,,
D_JOL C,83,2,Obtain - Meat,64,StudyProc5,43,Obtain - ?,Money,0,U,,,,,,,,
D_JOL D,84,2,Accident - Strong,75,StudyProc3,43,Accident - ?,wreck,0,U,,,,,,,,
D_JOL B,86,1,Fuzzy - Bang,72,StudyProc5,43,Fuzzy - ?,lazy,0,U,,,,,,,,
D_JOL D,88,1,Obtain - Meat,64,StudyProc5,43,Obtain - ?,,0,U,,,,,,,,
D_JOL D,88,2,Add - Valley,77,StudyProc3,43,Add - ?,,0,U,,,,,,,,
D_JOL A,89,1,Strong - Accident,75,StudyProc3,43,Strong - ?,weak,0,U,,,,,,,,
D_JOL C,95,2,Election - Maze,62,StudyProc5,43,Election - ?,,0,U,,,,,,,,
D_JOL C,95,1,Belt - Soon,65,StudyProc3,43,Belt - ?,,0,U,,,,,,,,
D_JOL B,102,1,Listen - Fiction,68,StudyProc5,43,Listen - ?,Hear,0,U,,,,,,,,
D_JOL B,102,2,Fix - Hand,70,StudyProc3,43,Fix - ?,Break,0,U,,,,,,,,
D_JOL A,77,2,Crackle - Able,66,StudyProc5,44,Crackle - ?,pop,0,U,,,,,,,,
D_JOL B,78,2,Sugar - Riddle,76,StudyProc3,44,Sugar - ?,,0,U,,,,,,,,
D_JOL D,88,1,Charm - Vehicle,63,StudyProc5,44,Charm - ?,,0,U,,,,,,,,
D_JOL A,77,1,Happy - Car,72,StudyProc3,45,Happy - ?,sad,0,U,,,,,,,,
D_JOL D,80,1,Cloth - Stretch,61,StudyProc5,45,Cloth - ?,wash,0,U,,,,,,,,
D_JOL D,84,1,Cloth - Stretch,61,StudyProc5,45,Cloth - ?,Fabric,0,U,,,,,,,,
D_JOL D,88,2,Business - Death,67,StudyProc3,45,Business - ?,,0,U,,,,,,,,
D_JOL A,89,1,Dietary - Sacking,62,StudyProc3,45,Dietary - ?,meal,0,U,,,,,,,,
D_JOL C,91,2,Election - Maze,62,StudyProc5,45,Election - ?,,0,U,,,,,,,,
D_JOL C,91,2,Fiction - Listen,67,StudyProc5,45,Fiction - ?,word,0,U,,,,,,,,
D_JOL C,91,2,Toil - Lease,75,StudyProc5,45,Toil - ?,,0,U,,,,,,,,
D_JOL C,91,2,Children - Mirror,79,StudyProc5,45,Children - ?,,0,U,,,,,,,,
D_JOL C,91,1,Sacking - Dietary,62,StudyProc3,45,Sacking - ?,,0,U,,,,,,,,
D_JOL C,91,1,Hungry - Park,63,StudyProc3,45,Hungry - ?,,0,U,,,,,,,,
D_JOL C,91,1,Floor - Discover,66,StudyProc3,45,Floor - ?,take,0,U,,,,,,,,
D_JOL C,91,1,Accident - Strong,75,StudyProc3,45,Accident - ?,,0,U,,,,,,,,
D_JOL C,91,1,Would - Cash,78,StudyProc3,45,Would - ?,,0,U,,,,,,,,
D_JOL A,93,1,Park - Hungry,63,StudyProc3,45,Park - ?,bench,0,U,,,,,,,,
D_JOL A,93,1,Death - Business,67,StudyProc3,45,Death - ?,business,1,U,,,,,,,,
D_JOL B,94,1,Fuzzy - Bang,72,StudyProc5,45,Fuzzy - ?,ball,0,U,,,,,,,,
D_JOL B,98,1,Main - Scar,79,StudyProc5,45,Main - ?,street,0,U,,,,,,,,
D_JOL D,100,2,Business - Death,67,StudyProc3,45,Business - ?,death,1,U,,,,,,,,
D_JOL A,101,1,Fix - Hand,70,StudyProc3,45,Fix - ?,hand,1,U,,,,,,,,
D_JOL B,102,1,Give - Steak,63,StudyProc5,45,Give - ?,Take,0,U,,,,,,,,
D_JOL A,105,1,Sugar - Riddle,76,StudyProc3,45,Sugar - ?,,0,U,,,,,,,,
D_JOL D,92,1,Children - Mirror,79,StudyProc5,46,Children - ?,play,0,U,,,,,,,,
D_JOL D,88,2,Sight - Debate,68,StudyProc3,47,Sight - ?,,0,U,,,,,,,,
D_JOL C,95,2,Shake - Shell,66,StudyProc5,47,Shake - ?,,0,U,,,,,,,,
D_JOL C,95,1,Car - Happy,72,StudyProc3,47,Car - ?,Accident,0,U,,,,,,,,
D_JOL C,95,1,Business - Death,67,StudyProc3,48,Business - ?,Math,0,U,,,,,,,,
D_JOL A,77,2,Temperature - Morning,77,StudyProc5,49,Temperature - ?,hot,0,U,,,,,,,,
D_JOL D,84,1,Election - Maze,62,StudyProc5,49,Election - ?,Vote,0,U,,,,,,,,
D_JOL B,74,1,Give - Steak,63,StudyProc5,50,Give - ?,have,0,U,,,,,,,,
D_JOL B,74,1,Meat - Obtain,65,StudyProc5,50,Meat - ?,big,0,U,,,,,,,,
D_JOL B,74,1,Shell - Snake,67,StudyProc5,50,Shell - ?,sea,0,U,,,,,,,,
D_JOL B,74,1,Listen - Fiction,68,StudyProc5,50,Listen - ?,queitly,0,U,,,,,,,,
D_JOL B,74,1,Keys - Joke,69,StudyProc5,50,Keys - ?,joke,1,U,,,,,,,,
D_JOL B,74,1,Cake - Clothes,70,StudyProc5,50,Cake - ?,shirt,0,U,,,,,,,,
D_JOL B,74,1,Name - Hate,71,StudyProc5,50,Name - ?,tag,0,U,,,,,,,,
D_JOL B,74,1,Moat - Clear,73,StudyProc5,50,Moat - ?,big,0,U,,,,,,,,
D_JOL B,74,1,Both - Ounce,76,StudyProc5,50,Both - ?,clue,0,U,,,,,,,,
D_JOL B,74,1,Main - Scar,79,StudyProc5,50,Main - ?,attraction,0,U,,,,,,,,
D_JOL B,74,2,Pusher - Clutter,61,StudyProc3,50,Pusher - ?,up,0,U,,,,,,,,
D_JOL B,74,2,Dietary - Sacking,62,StudyProc3,50,Dietary - ?,lunch,0,U,,,,,,,,
D_JOL B,74,2,Park - Hungry,63,StudyProc3,50,Park - ?,lot,0,U,,,,,,,,
D_JOL B,74,2,Lift - Woman,64,StudyProc3,50,Lift - ?,up,0,U,,,,,,,,
D_JOL B,74,2,Soon - Belt,65,StudyProc3,50,Soon - ?,tobe,0,U,,,,,,,,
D_JOL B,74,2,Discover - Floor,66,StudyProc3,50,Discover - ?,something,0,U,,,,,,,,
D_JOL B,74,2,Death - Business,67,StudyProc3,50,Death - ?,coffin,0,U,,,,,,,,
D_JOL B,74,2,Debate - Sight,68,StudyProc3,50,Debate - ?,cookie,0,U,,,,,,,,
D_JOL B,74,2,Artery - Bronze,69,StudyProc3,50,Artery - ?,design,0,U,,,,,,,,
D_JOL B,74,2,Machine - Position,71,StudyProc3,50,Machine - ?,gun,0,U,,,,,,,,
D_JOL B,74,2,Happy - Car,72,StudyProc3,50,Happy - ?,car,1,U,,,,,,,,
D_JOL B,74,2,Art - Lion,74,StudyProc3,50,Art - ?,design,0,U,,,,,,,,
D_JOL B,74,2,Sugar - Riddle,76,StudyProc3,50,Sugar - ?,riddle,1,U,,,,,,,,
D_JOL B,74,2,Valley - Add,77,StudyProc3,50,Valley - ?,hill,0,U,,,,,,,,
D_JOL B,74,2,Cash - Would,78,StudyProc3,50,Cash - ?,loan,0,U,,,,,,,,
D_JOL B,74,2,Hide - Sick,79,StudyProc3,50,Hide - ?,sick,1,U,,,,,,,,
D_JOL B,74,2,King - Vase,80,StudyProc3,50,King - ?,man,0,U,,,,,,,,
D_JOL C,79,2,Morning - Temperature,78,StudyProc5,50,Morning - ?,EARLY,0,U,,,,,,,,
D_JOL C,79,2,Main - Scar,80,StudyProc5,50,Main - ?,,0,U,,,,,,,,
D_JOL D,80,1,Hate - Name,69,StudyProc5,50,Hate - ?,love,0,U,,,,,,,,
D_JOL D,80,2,Bronze - Artery,69,StudyProc3,50,Bronze - ?,,0,U,,,,,,,,
D_JOL D,80,2,Lion - Art,74,StudyProc3,50,Lion - ?,king,0,U,,,,,,,,
D_JOL D,80,2,Riddle - Sugar,76,StudyProc3,50,Riddle - ?,joke,0,U,,,,,,,,
D_JOL A,81,2,Stretch - Cloth,62,StudyProc5,50,Stretch - ?,cloth,1,U,,,,,,,,
D_JOL A,81,2,Meat - Obtain,65,StudyProc5,50,Meat - ?,,0,U,,,,,,,,
D_JOL A,81,2,Shell - Snake,67,StudyProc5,50,Shell - ?,,0,U,,,,,,,,
D_JOL A,81,2,Name - Hate,71,StudyProc5,50,Name - ?,,0,U,,,,,,,,
D_JOL A,81,2,Loan - Sign,75,StudyProc5,50,Loan - ?,,0,U,,,,,,,,
D_JOL A,81,2,Temperature - Morning,77,StudyProc5,50,Temperature - ?,morning,1,U,,,,,,,,
D_JOL A,81,2,Main - Scar,79,StudyProc5,50,Main - ?,scar,1,U,,,,,,,,
D_JOL A,81,1,Death - Business,67,StudyProc3,50,Death - ?,business,1,U,,,,,,,,
D_JOL A,81,1,Debate - Sight,68,StudyProc3,50,Debate - ?,,0,U,,,,,,,,
D_JOL A,81,1,Machine - Position,71,StudyProc3,50,Machine - ?,position,1,U,,,,,,,,
D_JOL A,81,1,Happy - Car,72,StudyProc3,50,Happy - ?,,0,U,,,,,,,,
D_JOL A,81,1,Allow - Tuck,73,StudyProc3,50,Allow - ?,,0,U,,,,,,,,
D_JOL A,81,1,Sugar - Riddle,76,StudyProc3,50,Sugar - ?,,0,U,,,,,,,,
D_JOL A,81,1,Cash - Would,78,StudyProc3,50,Cash - ?,wage,0,U,,,,,,,,
D_JOL B,82,1,Name - Hate,71,StudyProc5,50,Name - ?,Self,0,U,,,,,,,,
D_JOL D,84,2,Sacking - Dietary,62,StudyProc3,50,Sacking - ?,Football,0,U,,,,,,,,
D_JOL A,85,2,Justice - Maroon,61,StudyProc5,50,Justice - ?,,0,U,,,,,,,,
D_JOL A,85,2,Loan - Sign,75,StudyProc5,50,Loan - ?,sign,1,U,,,,,,,,
D_JOL D,88,1,Shake - Shell,66,StudyProc5,50,Shake - ?,,0,U,,,,,,,,
D_JOL D,88,2,Riddle - Sugar,76,StudyProc3,50,Riddle - ?,,0,U,,,,,,,,
D_JOL B,90,2,Valley - Add,77,StudyProc3,50,Valley - ?,,0,U,,,,,,,,
D_JOL D,108,1,Cloth - Stretch,61,StudyProc5,50,Cloth - ?,Cut,0,U,,,,,,,,
D_JOL D,108,1,Clear - Moat,71,StudyProc5,50,Clear - ?,Apparent,0,U,,,,,,,,
D_JOL D,108,1,Toil - Lease,75,StudyProc5,50,Toil - ?,Foil,0,U,,,,,,,,
D_JOL D,108,1,Sign - Loan,76,StudyProc5,50,Sign - ?,Poster,0,U,,,,,,,,
D_JOL D,108,1,Main - Scar,80,StudyProc5,50,Main - ?,Dog,0,U,,,,,,,,
D_JOL D,108,2,Hand - Fix,70,StudyProc3,50,Hand - ?,Toe,0,U,,,,,,,,
D_JOL D,108,2,Tuck - Allow,73,StudyProc3,50,Tuck - ?,Fold,0,U,,,,,,,,
D_JOL C,91,1,Sight - Debate,68,StudyProc3,50,Sight - ?,eye,0,U,,,,,,,,
D_JOL B,94,1,Loan - Sign,75,StudyProc5,50,Loan - ?,payment,0,U,,,,,,,,
D_JOL C,95,1,Woman - Lift,64,StudyProc3,50,Woman - ?,,0,U,,,,,,,,
D_JOL C,95,1,Tuck - Allow,73,StudyProc3,50,Tuck - ?,,0,U,,,,,,,,
D_JOL D,96,1,Cloth - Stretch,61,StudyProc5,50,Cloth - ?,clothes,0,U,,,,,,,,
D_JOL D,96,1,Toil - Lease,75,StudyProc5,50,Toil - ?,,0,U,,,,,,,,
D_JOL D,96,2,Woman - Lift,64,StudyProc3,50,Woman - ?,,0,U,,,,,,,,
D_JOL D,96,2,Floor - Discover,66,StudyProc3,50,Floor - ?,,0,U,,,,,,,,
D_JOL D,96,2,Position - Machine,71,StudyProc3,50,Position - ?,,0,U,,,,,,,,
D_JOL B,98,2,Happy - Car,72,StudyProc3,50,Happy - ?,enthusastic,0,U,,,,,,,,
D_JOL A,101,2,Listen - Fiction,68,StudyProc5,50,Listen - ?,lecture,0,U,,,,,,,,
D_JOL B,102,1,Cake - Clothes,70,StudyProc5,50,Cake - ?,Clothes,1,U,,,,,,,,
D_JOL B,102,2,Park - Hungry,63,StudyProc3,50,Park - ?,Hunger,1,U,,,,,,,,
D_JOL B,102,2,Strong - Accident,75,StudyProc3,50,Strong - ?,Weak,0,U,,,,,,,,
D_JOL C,103,2,Charm - Vehicle,63,StudyProc5,50,Charm - ?,baby,0,U,,,,,,,,
D_JOL C,103,2,Morning - Temperature,78,StudyProc5,50,Morning - ?,sunshine,0,U,,,,,,,,
D_JOL C,103,1,Position - Machine,71,StudyProc3,50,Position - ?,,0,U,,,,,,,,
D_JOL D,104,1,Children - Mirror,79,StudyProc5,50,Children - ?,,0,U,,,,,,,,
D_JOL D,92,2,Clutter - Pusher,61,StudyProc3,52,Clutter - ?,mess,0,U,,,,,,,,
D_JOL D,84,2,Hand - Fix,70,StudyProc3,53,Hand - ?,,0,U,,,,,,,,
D_JOL D,88,1,Main - Scar,80,StudyProc5,54,Main - ?,,0,U,,,,,,,,
D_JOL D,92,2,Lion - Art,74,StudyProc3,54,Lion - ?,art,1,U,,,,,,,,
D_JOL C,95,2,Able - Crackle,65,StudyProc5,54,Able - ?,Body,0,U,,,,,,,,
D_JOL B,78,1,Shell - Snake,67,StudyProc5,55,Shell - ?,Snake,1,U,,,,,,,,
D_JOL B,78,2,Strong - Accident,75,StudyProc3,55,Strong - ?,powerful,0,U,,,,,,,,
D_JOL D,80,2,Would - Cash,78,StudyProc3,55,Would - ?,can,0,U,,,,,,,,
D_JOL B,86,2,Park - Hungry,63,StudyProc3,55,Park - ?,ball,0,U,,,,,,,,
D_JOL B,86,2,Debate - Sight,68,StudyProc3,55,Debate - ?,dicussion,0,U,,,,,,,,
D_JOL B,86,2,King - Vase,80,StudyProc3,55,King - ?,lion,0,U,,,,,,,,
D_JOL C,91,2,Able - Crackle,65,StudyProc5,55,Able - ?,,0,U,,,,,,,,
D_JOL C,91,1,Tuck - Allow,73,StudyProc3,55,Tuck - ?,,0,U,,,,,,,,
D_JOL C,91,1,Riddle - Sugar,76,StudyProc3,55,Riddle - ?,,0,U,,,,,,,,
D_JOL C,91,1,Add - Valley,77,StudyProc3,55,Add - ?,math,0,U,,,,,,,,
D_JOL D,92,2,Hand - Fix,70,StudyProc3,55,Hand - ?,work,0,U,,,,,,,,
D_JOL D,96,1,Children - Mirror,79,StudyProc5,55,Children - ?,,0,U,,,,,,,,
D_JOL A,101,2,Stretch - Cloth,62,StudyProc5,55,Stretch - ?,pull,0,U,,,,,,,,
D_JOL A,101,2,Shell - Snake,67,StudyProc5,55,Shell - ?,fish,0,U,,,,,,,,
D_JOL A,105,1,Death - Business,67,StudyProc3,55,Death - ?,Life,0,U,,,,,,,,
D_JOL A,73,2,Stretch - Cloth,62,StudyProc5,56,Stretch - ?,yawn,0,U,,,,,,,,
D_JOL A,73,2,Loan - Sign,75,StudyProc5,56,Lease - ?,borrow,0,U,,,,,,,,
D_JOL D,80,1,Fiction - Listen,67,StudyProc5,56,Fiction - ?,story,0,U,,,,,,,,
D_JOL D,80,1,Bang - Fuzzy,70,StudyProc5,56,Bang - ?,,0,U,,,,,,,,
D_JOL D,80,1,Steak - Give,73,StudyProc5,56,Steak - ?,meat,0,U,,,,,,,,
D_JOL D,80,2,Sacking - Dietary,62,StudyProc3,56,Sacking - ?,,0,U,,,,,,,,
D_JOL D,80,2,Woman - Lift,64,StudyProc3,56,Woman - ?,height,0,U,,,,,,,,
D_JOL D,80,2,Belt - Soon,65,StudyProc3,56,Belt - ?,pants,0,U,,,,,,,,
D_JOL D,80,2,Sight - Debate,68,StudyProc3,56,Sight - ?,see,0,U,,,,,,,,
D_JOL D,80,2,Car - Happy,72,StudyProc3,56,Car - ?,,0,U,,,,,,,,
D_JOL D,80,2,Vase - King,80,StudyProc3,56,Vase - ?,man,0,U,,,,,,,,
D_JOL B,86,1,Loan - Sign,75,StudyProc5,56,Loan - ?,banker,0,U,,,,,,,,
D_JOL D,88,1,Able - Crackle,65,StudyProc5,56,Able - ?,,0,U,,,,,,,,
D_JOL D,88,1,Joke - Keys,68,StudyProc5,56,Joke - ?,,0,U,,,,,,,,
D_JOL A,89,1,Lift - Woman,64,StudyProc3,56,Lift - ?,weight,0,U,,,,,,,,
D_JOL A,89,1,Machine - Position,71,StudyProc3,56,Machine - ?,Make,0,U,,,,,,,,
D_JOL D,92,2,Business - Death,67,StudyProc3,58,Business - ?,money,0,U,,,,,,,,
D_JOL A,101,2,Loan - Sign,75,StudyProc5,58,Loan - ?,sign,1,U,,,,,,,,
D_JOL A,77,2,Loan - Sign,75,StudyProc5,60,Loan - ?,,0,U,,,,,,,,
D_JOL C,83,2,Shake - Shell,66,StudyProc5,60,Shake - ?,Shall,0,U,,,,,,,,
D_JOL D,84,1,Main - Scar,80,StudyProc5,60,Main - ?,,0,U,,,,,,,,
D_JOL B,90,1,Temperature - Morning,77,StudyProc5,60,Temperature - ?,,0,U,,,,,,,,
D_JOL C,91,2,Hate - Name,69,StudyProc5,60,Hate - ?,,0,U,,,,,,,,
D_JOL C,91,2,Steak - Give,73,StudyProc5,60,Steak - ?,chop,0,U,,,,,,,,
D_JOL C,91,1,Position - Machine,71,StudyProc3,60,Position - ?,,0,U,,,,,,,,
D_JOL C,91,1,Car - Happy,72,StudyProc3,60,Car - ?,,0,U,,,,,,,,
D_JOL C,91,1,Lion - Art,74,StudyProc3,60,Lion - ?,den,0,U,,,,,,,,
D_JOL B,94,1,Stretch - Cloth,62,StudyProc5,60,Stretch - ?,,0,U,,,,,,,,
D_JOL C,95,1,Hungry - Park,63,StudyProc3,60,Hungry - ?,,0,U,,,,,,,,
D_JOL C,95,1,Accident - Strong,75,StudyProc3,60,Accident - ?,Car,0,U,,,,,,,,
D_JOL B,98,1,Loan - Sign,75,StudyProc5,60,Loan - ?,lease,0,U,,,,,,,,
D_JOL D,100,1,Fiction - Listen,67,StudyProc5,60,Fiction - ?,listen,1,U,,,,,,,,
D_JOL B,102,1,Meat - Obtain,65,StudyProc5,60,Meat - ?,Give,0,U,,,,,,,,
D_JOL C,103,2,Fiction - Listen,67,StudyProc5,60,Fiction - ?,,0,U,,,,,,,,
D_JOL A,105,2,Main - Scar,79,StudyProc5,60,Main - ?,,0,U,,,,,,,,
D_JOL A,105,1,Artery - Bronze,69,StudyProc3,60,Artery - ?,Kidney,0,U,,,,,,,,
D_JOL D,88,2,Hand - Fix,70,StudyProc3,61,Hand - ?,,0,U,,,,,,,,
D_JOL A,97,2,Fuzzy - Bang,72,StudyProc5,62,Fuzzy - ?,Bangs,1,U,,,,,,,,
D_JOL D,88,1,Election - Maze,62,StudyProc5,63,Election - ?,,0,U,,,,,,,,
D_JOL D,88,1,Clear - Moat,71,StudyProc5,63,Clear - ?,,0,U,,,,,,,,
D_JOL D,88,2,Hungry - Park,63,StudyProc3,63,Hungry - ?,,0,U,,,,,,,,
D_JOL A,73,2,Shell - Snake,67,StudyProc5,65,Crackle - ?,,0,U,,,,,,,,
D_JOL D,84,1,Obtain - Meat,64,StudyProc5,65,Obtain - ?,Get,0,U,,,,,,,,
D_JOL D,84,2,Belt - Soon,65,StudyProc3,65,Belt - ?,pants,0,U,,,,,,,,
D_JOL D,88,1,Steak - Give,73,StudyProc5,65,Steak - ?,,0,U,,,,,,,,
D_JOL C,91,2,Obtain - Meat,64,StudyProc5,65,Obtain - ?,have,0,U,,,,,,,,
D_JOL C,91,2,Joke - Keys,68,StudyProc5,65,Joke - ?,,0,U,,,,,,,,
D_JOL A,93,1,Strong - Accident,75,StudyProc3,65,Strong - ?,weak,0,U,,,,,,,,
D_JOL C,95,1,Sick - Hide,79,StudyProc3,65,Sick - ?,,0,U,,,,,,,,
D_JOL B,98,1,Justice - Maroon,61,StudyProc5,65,Justice - ?,defeat,0,U,,,,,,,,
D_JOL C,99,2,Hate - Name,69,StudyProc5,65,Hate - ?,name,1,U,,,,,,,,
D_JOL B,102,1,Lease - Toil,74,StudyProc5,65,Lease - ?,Toi,1,U,,,,,,,,
D_JOL C,103,1,Floor - Discover,66,StudyProc3,65,Floor - ?,ceiling,0,U,,,,,,,,
D_JOL A,105,1,Machine - Position,71,StudyProc3,65,Machine - ?,,0,U,,,,,,,,
D_JOL A,73,2,Lease - Toil,74,StudyProc5,66,Moat - ?,,0,U,,,,,,,,
D_JOL D,84,1,Toil - Lease,75,StudyProc5,66,Toil - ?,,0,U,,,,,,,,
D_JOL B,86,1,Keys - Joke,69,StudyProc5,66,Keys - ?,gone,0,U,,,,,,,,
D_JOL B,86,2,Discover - Floor,66,StudyProc3,66,Discover - ?,know,0,U,,,,,,,,
D_JOL D,88,1,Bang - Fuzzy,70,StudyProc5,66,Bang - ?,,0,U,,,,,,,,
D_JOL B,78,1,Name - Hate,71,StudyProc5,67,Name - ?,Number,0,U,,,,,,,,
D_JOL D,80,1,Election - Maze,62,StudyProc5,67,Election - ?,,0,U,,,,,,,,
D_JOL D,80,1,Charm - Vehicle,63,StudyProc5,67,Charm - ?,lucky,0,U,,,,,,,,
D_JOL D,80,1,Obtain - Meat,64,StudyProc5,67,Obtain - ?,together,0,U,,,,,,,,
D_JOL D,80,1,Toil - Lease,75,StudyProc5,67,Toil - ?,,0,U,,,,,,,,
D_JOL D,80,1,Morning - Temperature,78,StudyProc5,67,Morning - ?,night,0,U,,,,,,,,
D_JOL D,80,2,Clutter - Pusher,61,StudyProc3,67,Clutter - ?,dity,0,U,,,,,,,,
D_JOL D,80,2,Hungry - Park,63,StudyProc3,67,Hungry - ?,eat,0,U,,,,,,,,
D_JOL D,80,2,Floor - Discover,66,StudyProc3,67,Floor - ?,gorund,0,U,,,,,,,,
D_JOL D,80,2,Business - Death,67,StudyProc3,67,Business - ?,attair,0,U,,,,,,,,
D_JOL D,80,2,Hand - Fix,70,StudyProc3,67,Hand - ?,,0,U,,,,,,,,
D_JOL D,80,2,Position - Machine,71,StudyProc3,67,Position - ?,place,0,U,,,,,,,,
D_JOL D,80,2,Tuck - Allow,73,StudyProc3,67,Tuck - ?,under,0,U,,,,,,,,
D_JOL D,80,2,Accident - Strong,75,StudyProc3,67,Accident - ?,car,0,U,,,,,,,,
D_JOL D,80,2,Sick - Hide,79,StudyProc3,67,Sick - ?,flu,0,U,,,,,,,,
D_JOL A,89,1,Discover - Floor,66,StudyProc3,67,Discover - ?,Find,0,U,,,,,,,,
D_JOL B,102,2,Dietary - Sacking,62,StudyProc3,67,Dietary - ?,Plan,0,U,,,,,,,,
D_JOL B,78,1,Give - Steak,63,StudyProc5,70,Give - ?,Steak,1,U,,,,,,,,
D_JOL B,90,1,Shell - Snake,67,StudyProc5,70,Shell - ?,,0,U,,,,,,,,
D_JOL C,91,1,Clutter - Pusher,61,StudyProc3,70,Clutter - ?,mess,0,U,,,,,,,,
D_JOL C,91,1,Bronze - Artery,69,StudyProc3,70,Bronze - ?,art,0,U,,,,,,,,
D_JOL B,94,2,Dietary - Sacking,62,StudyProc3,70,Dietary - ?,salad,0,U,,,,,,,,
D_JOL D,96,1,Obtain - Meat,64,StudyProc5,70,Obtain - ?,,0,U,,,,,,,,
D_JOL D,96,1,Wet - Dry,72,StudyProc5,70,Wet - ?,dry,1,U,,,,,,,,
D_JOL D,96,2,Hungry - Park,63,StudyProc3,70,Hungry - ?,,0,U,,,,,,,,
D_JOL B,102,2,Hide - Sick,79,StudyProc3,70,Hide - ?,Search,0,U,,,,,,,,
D_JOL A,105,2,Temperature - Morning,77,StudyProc5,70,Temperature - ?,,0,U,,,,,,,,
D_JOL A,105,1,Discover - Floor,66,StudyProc3,70,Discover - ?,,0,U,,,,,,,,
D_JOL A,105,1,Debate - Sight,68,StudyProc3,70,Debate - ?,,0,U,,,,,,,,
D_JOL A,101,2,Temperature - Morning,77,StudyProc5,71,Temperature - ?,morning,1,U,,,,,,,,
D_JOL D,88,1,Fiction - Listen,67,StudyProc5,73,Fiction - ?,,0,U,,,,,,,,
D_JOL D,88,1,Cloth - Stretch,61,StudyProc5,74,Cloth - ?,,0,U,,,,,,,,
D_JOL C,91,2,Clear - Moat,71,StudyProc5,74,Clear - ?,,0,U,,,,,,,,
D_JOL B,74,1,Temperature - Morning,77,StudyProc5,75,Temperature - ?,morning,1,U,,,,,,,,
D_JOL A,81,1,Fix - Hand,70,StudyProc3,75,Fix - ?,hand,1,U,,,,,,,,
D_JOL A,81,1,Hide - Sick,79,StudyProc3,75,Hide - ?,,0,U,,,,,,,,
D_JOL A,85,2,Meat - Obtain,65,StudyProc5,75,Meat - ?,,0,U,,,,,,,,
D_JOL D,108,1,Wet - Dry,72,StudyProc5,75,Wet - ?,Dry,1,U,,,,,,,,
D_JOL D,108,2,Sacking - Dietary,62,StudyProc3,75,Sacking - ?,Happy,0,U,,,,,,,,
D_JOL D,108,2,Hungry - Park,63,StudyProc3,75,Hungry - ?,Famine,0,U,,,,,,,,
D_JOL D,108,2,Business - Death,67,StudyProc3,75,Business - ?,Law,0,U,,,,,,,,
D_JOL D,108,2,Sight - Debate,68,StudyProc3,75,Sight - ?,Eye,0,U,,,,,,,,
D_JOL D,108,2,Sick - Hide,79,StudyProc3,75,Sick - ?,Happy,0,U,,,,,,,,
D_JOL C,91,1,Woman - Lift,64,StudyProc3,75,Woman - ?,,0,U,,,,,,,,
D_JOL C,91,1,Hand - Fix,70,StudyProc3,75,Hand - ?,,0,U,,,,,,,,
D_JOL C,91,1,Vase - King,80,StudyProc3,75,Vase - ?,,0,U,,,,,,,,
D_JOL A,101,2,Name - Hate,71,StudyProc5,75,Name - ?,hate,1,U,,,,,,,,
D_JOL B,102,2,Sugar - Riddle,76,StudyProc3,75,Sugar - ?,Cane,0,U,,,,,,,,
D_JOL A,105,2,Give - Steak,63,StudyProc5,75,Give - ?,,0,U,,,,,,,,
D_JOL A,105,2,Shell - Snake,67,StudyProc5,75,Shell - ?,snake,1,U,,,,,,,,
D_JOL A,105,2,Both - Ounce,76,StudyProc5,75,Both - ?,,0,U,,,,,,,,
D_JOL A,105,1,Pusher - Clutter,61,StudyProc3,75,Pusher - ?,pull,0,U,,,,,,,,
D_JOL A,105,1,Park - Hungry,63,StudyProc3,75,Park - ?,hungry,1,U,,,,,,,,
D_JOL A,105,1,Lift - Woman,64,StudyProc3,75,Lift - ?,,0,U,,,,,,,,
D_JOL B,78,2,Dietary - Sacking,62,StudyProc3,76,Dietary - ?,intake,0,U,,,,,,,,
D_JOL B,78,2,Happy - Car,72,StudyProc3,76,Happy - ?,great,0,U,,,,,,,,
D_JOL B,78,2,King - Vase,80,StudyProc3,76,King - ?,jordan,0,U,,,,,,,,
D_JOL D,80,1,Joke - Keys,68,StudyProc5,76,Joke - ?,loud,0,U,,,,,,,,
D_JOL D,80,1,Main - Scar,80,StudyProc5,76,Main - ?,,0,U,,,,,,,,
D_JOL D,84,2,Lion - Art,74,StudyProc3,76,Lion - ?,cat,0,U,,,,,,,,
D_JOL C,95,1,Floor - Discover,66,StudyProc3,76,Floor - ?,Board,0,U,,,,,,,,
D_JOL C,95,1,Lion - Art,74,StudyProc3,76,Lion - ?,,0,U,,,,,,,,
D_JOL B,86,1,Meat - Obtain,65,StudyProc5,77,Meat - ?,cow,0,U,,,,,,,,
D_JOL B,86,2,Dietary - Sacking,62,StudyProc3,77,Dietary - ?,eat,0,U,,,,,,,,
D_JOL B,86,2,Artery - Bronze,69,StudyProc3,77,Artery - ?,bow,0,U,,,,,,,,
D_JOL B,86,2,Fix - Hand,70,StudyProc3,77,Fix - ?,problem,0,U,,,,,,,,
D_JOL B,86,2,Happy - Car,72,StudyProc3,77,Happy - ?,sad,0,U,,,,,,,,
D_JOL B,86,2,Allow - Tuck,73,StudyProc3,77,Allow - ?,enter,0,U,,,,,,,,
D_JOL B,86,2,Strong - Accident,75,StudyProc3,77,Strong - ?,weak,0,U,,,,,,,,
D_JOL B,86,2,Sugar - Riddle,76,StudyProc3,77,Sugar - ?,cake,0,U,,,,,,,,
D_JOL B,86,2,Cash - Would,78,StudyProc3,77,Cash - ?,money,0,U,,,,,,,,
D_JOL D,80,1,Able - Crackle,65,StudyProc5,78,Able - ?,,0,U,,,,,,,,
D_JOL D,80,1,Clear - Moat,71,StudyProc5,78,Clear - ?,glass,0,U,,,,,,,,
D_JOL D,80,1,Sign - Loan,76,StudyProc5,78,Sign - ?,,0,U,,,,,,,,
D_JOL D,80,1,Ounce - Both,77,StudyProc5,78,Ounce - ?,,0,U,,,,,,,,
D_JOL B,86,1,Listen - Fiction,68,StudyProc5,78,Listen - ?,hear,0,U,,,,,,,,
D_JOL D,92,2,Belt - Soon,65,StudyProc3,78,Belt - ?,jeans,0,U,,,,,,,,
D_JOL B,102,2,Lift - Woman,64,StudyProc3,78,Lift - ?,Fork,0,U,,,,,,,,
D_JOL D,80,1,Shake - Shell,66,StudyProc5,79,Shake - ?,,0,U,,,,,,,,
D_JOL D,92,2,Hungry - Park,63,StudyProc3,79,Hungry - ?,park,1,U,,,,,,,,
D_JOL C,95,1,Position - Machine,71,StudyProc3,80,Position - ?,,0,U,,,,,,,,
D_JOL B,98,1,Stretch - Cloth,62,StudyProc5,80,Stretch - ?,cloth,1,U,,,,,,,,
D_JOL B,102,1,Shell - Snake,67,StudyProc5,80,Shell - ?,Snake,1,U,,,,,,,,
D_JOL B,102,2,Artery - Bronze,69,StudyProc3,80,Artery - ?,Copper,0,U,,,,,,,,
D_JOL B,102,2,Art - Lion,74,StudyProc3,80,Art - ?,Expo,0,U,,,,,,,,
D_JOL A,105,2,Keys - Joke,69,StudyProc5,80,Keys - ?,,0,U,,,,,,,,
D_JOL A,105,2,Loan - Sign,75,StudyProc5,80,Loan - ?,money,0,U,,,,,,,,
D_JOL A,105,1,Soon - Belt,65,StudyProc3,80,Soon - ?,,0,U,,,,,,,,
D_JOL A,105,1,Happy - Car,72,StudyProc3,80,Happy - ?,,0,U,,,,,,,,
D_JOL A,105,1,Strong - Accident,75,StudyProc3,80,Strong - ?,,0,U,,,,,,,,
D_JOL A,105,1,Cash - Would,78,StudyProc3,80,Cash - ?,Money,0,U,,,,,,,,
D_JOL A,105,1,King - Vase,80,StudyProc3,80,King - ?,,0,U,,,,,,,,
D_JOL D,108,1,Morning - Temperature,78,StudyProc5,85,Morning - ?,Temperature,1,U,,,,,,,,
D_JOL D,108,2,Clutter - Pusher,61,StudyProc3,85,Clutter - ?,Mess,0,U,,,,,,,,
D_JOL D,108,2,Bronze - Artery,69,StudyProc3,85,Bronze - ?,Silver,0,U,,,,,,,,
D_JOL D,108,2,Would - Cash,78,StudyProc3,85,Would - ?,Know,0,U,,,,,,,,
D_JOL D,108,2,Vase - King,80,StudyProc3,85,Vase - ?,Flower,0,U,,,,,,,,
D_JOL B,98,1,Listen - Fiction,68,StudyProc5,85,Listen - ?,talk,0,U,,,,,,,,
D_JOL C,99,2,Wet - Dry,72,StudyProc5,85,Wet - ?,dry,1,U,,,,,,,,
D_JOL A,105,2,Meat - Obtain,65,StudyProc5,85,Meat - ?,,0,U,,,,,,,,
D_JOL A,105,1,Fix - Hand,70,StudyProc3,85,Fix - ?,,0,U,,,,,,,,
D_JOL A,105,1,Allow - Tuck,73,StudyProc3,85,Allow - ?,,0,U,,,,,,,,
D_JOL D,88,1,Morning - Temperature,78,StudyProc5,86,Morning - ?,temperature,1,U,,,,,,,,
D_JOL D,80,1,Children - Mirror,79,StudyProc5,87,Children - ?,,0,U,,,,,,,,
D_JOL B,78,1,Main - Scar,79,StudyProc5,88,Main - ?,Secondary,0,U,,,,,,,,
D_JOL B,78,2,Pusher - Clutter,61,StudyProc3,88,Pusher - ?,shover,0,U,,,,,,,,
D_JOL B,86,1,Name - Hate,71,StudyProc5,88,Name - ?,person,0,U,,,,,,,,
D_JOL B,86,2,Pusher - Clutter,61,StudyProc3,88,Pusher - ?,love,0,U,,,,,,,,
D_JOL B,86,2,Soon - Belt,65,StudyProc3,88,Soon - ?,later,0,U,,,,,,,,
D_JOL B,86,2,Death - Business,67,StudyProc3,88,Death - ?,note,0,U,,,,,,,,
D_JOL B,86,2,Valley - Add,77,StudyProc3,88,Valley - ?,river,0,U,,,,,,,,
D_JOL A,93,1,Cash - Would,78,StudyProc3,88,Cash - ?,money,0,U,,,,,,,,
D_JOL D,88,1,Hate - Name,69,StudyProc5,89,Hate - ?,,0,U,,,,,,,,
D_JOL D,92,2,Add - Valley,77,StudyProc3,89,Add - ?,math,0,U,,,,,,,,
D_JOL D,100,1,Bang - Fuzzy,70,StudyProc5,89,Bang - ?,name,0,U,,,,,,,,
D_JOL B,102,2,Death - Business,67,StudyProc3,89,Death - ?,Coffin,0,U,,,,,,,,
D_JOL B,78,1,Listen - Fiction,68,StudyProc5,90,Listen - ?,Deaf,0,U,,,,,,,,
D_JOL D,84,1,Joke - Keys,68,StudyProc5,90,Joke - ?,,0,U,,,,,,,,
D_JOL C,87,2,Wet - Dry,72,StudyProc5,90,Wet - ?,dry,1,U,,,,,,,,
D_JOL B,90,1,Crackle - Able,66,StudyProc5,90,Crackle - ?,,0,U,,,,,,,,
D_JOL B,90,2,Happy - Car,72,StudyProc3,90,Happy - ?,,0,U,,,,,,,,
D_JOL B,106,1,Loan - Sign,75,StudyProc5,90,Loan - ?,money,0,U,,,,,,,,
D_JOL B,106,2,Discover - Floor,66,StudyProc3,90,Discover - ?,found,0,U,,,,,,,,
D_JOL B,94,2,Fix - Hand,70,StudyProc3,90,Fix - ?,,0,U,,,,,,,,
D_JOL D,100,1,Wet - Dry,72,StudyProc5,90,Wet - ?,,0,U,,,,,,,,
D_JOL B,102,2,Happy - Car,72,StudyProc3,90,Happy - ?,Friend,0,U,,,,,,,,
D_JOL B,102,2,King - Vase,80,StudyProc3,90,King - ?,Vase,1,U,,,,,,,,
D_JOL C,103,1,Hand - Fix,70,StudyProc3,90,Hand - ?,toe,0,U,,,,,,,,
D_JOL D,92,2,Car - Happy,72,StudyProc3,92,Car - ?,happiness,1,U,,,,,,,,
D_JOL C,95,1,Sight - Debate,68,StudyProc3,93,Sight - ?,,0,U,,,,,,,,
D_JOL D,88,1,Sign - Loan,76,StudyProc5,94,Sign - ?,,0,U,,,,,,,,
D_JOL C,79,2,Able - Crackle,65,StudyProc5,95,Able - ?,,0,U,,,,,,,,
D_JOL C,83,2,Wet - Dry,72,StudyProc5,95,Wet - ?,Water,0,U,,,,,,,,
D_JOL C,91,2,Cloth - Stretch,61,StudyProc5,95,Cloth - ?,,0,U,,,,,,,,
D_JOL D,84,2,Clutter - Pusher,61,StudyProc3,97,Clutter - ?,Mess,0,U,,,,,,,,
D_JOL D,92,2,Woman - Lift,64,StudyProc3,99,Woman - ?,lift,1,U,,,,,,,,
D_JOL A,93,2,Name - Hate,71,StudyProc5,99,Name - ?,hate,1,U,,,,,,,,
D_JOL A,93,2,Loan - Sign,75,StudyProc5,99,Loan - ?,sign,1,U,,,,,,,,
D_JOL A,93,1,Happy - Car,72,StudyProc3,99,Happy - ?,car,1,U,,,,,,,,
D_JOL B,74,1,Stretch - Cloth,62,StudyProc5,100,Stretch - ?,extension,0,U,,,,,,,,
D_JOL B,74,1,Loan - Sign,75,StudyProc5,100,Loan - ?,sign,1,U,,,,,,,,
D_JOL B,74,1,Mirror - Children,78,StudyProc5,100,Mirror - ?,children,1,U,,,,,,,,
D_JOL B,74,2,Fix - Hand,70,StudyProc3,100,Fix - ?,it,0,U,,,,,,,,
D_JOL B,74,2,Strong - Accident,75,StudyProc3,100,Strong - ?,man,0,U,,,,,,,,
D_JOL B,78,1,Stretch - Cloth,62,StudyProc5,100,Stretch - ?,Extension,0,U,,,,,,,,
D_JOL B,78,1,Fuzzy - Bang,72,StudyProc5,100,Fuzzy - ?,dog,0,U,,,,,,,,
D_JOL C,79,2,Wet - Dry,72,StudyProc5,100,Wet - ?,DRY,1,U,,,,,,,,
D_JOL C,79,2,Children - Mirror,79,StudyProc5,100,Children - ?,MINOR,0,U,,,,,,,,
D_JOL D,80,1,Wet - Dry,72,StudyProc5,100,Wet - ?,dry,1,U,,,,,,,,
D_JOL D,84,1,Fiction - Listen,67,StudyProc5,100,Fiction - ?,Read,0,U,,,,,,,,
D_JOL D,84,1,Wet - Dry,72,StudyProc5,100,Wet - ?,Dry,1,U,,,,,,,,
D_JOL D,84,1,Steak - Give,73,StudyProc5,100,Steak - ?,,0,U,,,,,,,,
D_JOL D,84,1,Morning - Temperature,78,StudyProc5,100,Morning - ?,Night,0,U,,,,,,,,
D_JOL D,84,1,Children - Mirror,79,StudyProc5,100,Children - ?,,0,U,,,,,,,,
D_JOL D,84,2,Sick - Hide,79,StudyProc3,100,Sick - ?,cold,0,U,,,,,,,,
D_JOL B,86,1,Crackle - Able,66,StudyProc5,100,Crackle - ?,cut,0,U,,,,,,,,
D_JOL D,88,1,Wet - Dry,72,StudyProc5,100,Wet - ?,,0,U,,,,,,,,
D_JOL C,91,2,Wet - Dry,72,StudyProc5,100,Wet - ?,,0,U,,,,,,,,
D_JOL C,91,2,Morning - Temperature,78,StudyProc5,100,Morning - ?,,0,U,,,,,,,,
D_JOL D,92,1,Fiction - Listen,67,StudyProc5,100,Fiction - ?,listening,1,U,,,,,,,,
D_JOL D,92,1,Wet - Dry,72,StudyProc5,100,Wet - ?,moist,0,U,,,,,,,,
D_JOL D,92,1,Late - Early,74,StudyProc5,100,Clothes - ?,pin,0,U,,,,,,,,
D_JOL D,92,1,Toil - Lease,75,StudyProc5,100,Toil - ?,lease,1,U,,,,,,,,
D_JOL C,95,1,Clutter - Pusher,61,StudyProc3,100,Clutter - ?,Plant,0,U,,,,,,,,
D_JOL C,95,1,Sacking - Dietary,62,StudyProc3,100,Sacking - ?,,0,U,,,,,,,,
D_JOL C,95,1,Bronze - Artery,69,StudyProc3,100,Bronze - ?,Artery,1,U,,,,,,,,
D_JOL C,103,2,Wet - Dry,72,StudyProc5,100,Wet - ?,dry,1,U,,,,,,,,
D_JOL D,104,1,Wet - Dry,72,StudyProc5,100,Wet - ?,Dry,1,U,,,,,,,,
D_JOL A,105,2,Name - Hate,71,StudyProc5,100,Name - ?,,0,U,,,,,,,,
D_JOL A,105,1,Art - Lion,74,StudyProc3,100,Art - ?,,0,U,,,,,,,,
D_JOL A,105,1,Valley - Add,77,StudyProc3,100,Valley - ?,,0,U,,,,,,,,
D_JOL A,105,1,Hide - Sick,79,StudyProc3,100,Hide - ?,sick,1,U,,,,,,,,
D_JOL B,82,2,Death - Business,67,StudyProc3,115,Death - ?,LIFE,0,U,,,,,,,,
D_JOL D,96,2,Sick - Hide,79,StudyProc3,209,Sick - ?,ill,0,U,,,,,,,,
D_JOL B,94,2,Allow - Tuck,73,StudyProc3,290,Allow - ?,,0,U,,,,,,,,
D_JOL D,96,2,Hand - Fix,70,StudyProc3,509,Hand - ?,foot,0,U,,,,,,,,
D_JOL B,86,2,Hide - Sick,79,StudyProc3,577,Hide - ?,snake,0,U,,,,,,,,
D_JOL B,78,1,Both - Ounce,76,StudyProc5,789,Both - ?,Together,0,U,,,,,,,,
D_JOL B,74,1,Charm - Vehicle,80,StudyProc5,,Vehicle - ?,car,0,U,,,,,,,,
D_JOL A,77,2,Charm - Vehicle,80,StudyProc5,,Vehicle - ?,car,0,U,,,,,,,,
D_JOL B,78,1,Maze - Election,64,StudyProc5,,Maze - ?,Runner,0,U,,,,,,,,
D_JOL B,78,1,Charm - Vehicle,80,StudyProc5,,Vehicle - ?,Car,0,U,,,,,,,,
D_JOL C,79,2,Late - Early,74,StudyProc5,,Clothes - ?,,0,U,,,,,,,,
D_JOL D,80,1,Late - Early,74,StudyProc5,,Clothes - ?,,0,U,,,,,,,,
D_JOL D,80,2,Add - Valley,77,StudyProc3,,Add - ?,substract,0,U,,,,,,,,
D_JOL A,81,2,Charm - Vehicle,80,StudyProc5,,Vehicle - ?,windsheild,0,U,,,,,,,,
D_JOL B,82,1,Charm - Vehicle,80,StudyProc5,,Vehicle - ?,Car,0,U,,,,,,,,
D_JOL C,83,2,Steak - Give,73,StudyProc5,,Steak - ?,Hungry,0,U,,,,,,,,
D_JOL C,83,2,Late - Early,74,StudyProc5,,Clear - ?,Gulf,,U,,,,,,,,
D_JOL D,84,1,Hate - Name,69,StudyProc5,,Hate - ?,Love,0,U,,,,,,,,
D_JOL D,84,1,Late - Early,74,StudyProc5,,Clothes - ?,,0,U,,,,,,,,
D_JOL D,84,2,Bronze - Artery,69,StudyProc3,,Bronze - ?,Ta,0,U,,,,,,,,
D_JOL D,84,2,Tuck - Allow,73,StudyProc3,,Tuck - ?,allow,1,U,,,,,,,,
D_JOL A,85,2,Charm - Vehicle,80,StudyProc5,,Vehicle - ?,winshielwiper,0,U,,,,,,,,
D_JOL B,86,1,Charm - Vehicle,80,StudyProc5,,Vehicle - ?,driver,0,U,,,,,,,,
D_JOL B,86,2,Lift - Woman,64,StudyProc3,,Lift - ?,weight,0,U,,,,,,,,
D_JOL C,87,2,Late - Early,74,StudyProc5,,Clothes - ?,dressed,0,U,,,,,,,,
D_JOL C,87,1,Belt - Soon,65,StudyProc3,,Belt - ?,buckle,0,U,,,,,,,,
D_JOL D,88,1,Late - Early,74,StudyProc5,,Clothes - ?,,0,U,,,,,,,,
D_JOL A,89,2,Charm - Vehicle,80,StudyProc5,,Vehicle - ?,car,0,U,,,,,,,,
D_JOL B,90,1,Charm - Vehicle,80,StudyProc5,,Vehicle - ?,car,0,U,,,,,,,,
D_JOL B,106,1,Justice - Maroon,61,StudyProc5,,Justice - ?,rights,0,U,,,,,,,,
D_JOL B,106,1,Keys - Joke,69,StudyProc5,,Keys - ?,car,0,U,,,,,,,,
D_JOL B,106,1,Charm - Vehicle,80,StudyProc5,,Vehicle - ?,car,0,U,,,,,,,,
D_JOL D,108,1,Charm - Vehicle,63,StudyProc5,,Charm - ?,Bracelet,0,U,,,,,,,,
D_JOL D,108,1,Late - Early,74,StudyProc5,,Clothes - ?,Pants,0,U,,,,,,,,
D_JOL C,91,2,Late - Early,74,StudyProc5,,Clothes - ?,,0,U,,,,,,,,
D_JOL C,91,2,Ounce - Both,77,StudyProc5,,Ounce - ?,,0,U,,,,,,,,
D_JOL D,92,1,Ounce - Both,77,StudyProc5,,Ounce - ?,two,0,U,,,,,,,,
D_JOL A,93,2,Charm - Vehicle,80,StudyProc5,,Vehicle - ?,truck,0,U,,,,,,,,
D_JOL B,94,1,Charm - Vehicle,80,StudyProc5,,Vehicle - ?,car,0,U,,,,,,,,
D_JOL C,95,2,Late - Early,74,StudyProc5,,Clothes - ?,Dress,0,U,,,,,,,,
D_JOL D,96,1,Late - Early,74,StudyProc5,,Clothes - ?,,0,U,,,,,,,,
D_JOL A,97,2,Charm - Vehicle,80,StudyProc5,,Vehicle - ?,Driver,0,U,,,,,,,,
D_JOL B,98,1,Charm - Vehicle,80,StudyProc5,,Vehicle - ?,Driver,0,U,,,,,,,,
D_JOL C,99,2,Late - Early,74,StudyProc5,,Clothes - ?,wear,0,U,,,,,,,,
D_JOL D,100,1,Cloth - Stretch,61,StudyProc5,,Clothes - ?,,0,U,,,,,,,,
D_JOL D,100,1,Joke - Keys,68,StudyProc5,,Joke - ?,keys,1,U,,,,,,,,
D_JOL A,101,2,Charm - Vehicle,80,StudyProc5,,Vehicle - ?,move,0,U,,,,,,,,
D_JOL B,102,1,Charm - Vehicle,80,StudyProc5,,Vehicle - ?,Windshield,0,U,,,,,,,,
D_JOL C,103,2,Late - Early,74,StudyProc5,,Clothes - ?,attire,0,U,,,,,,,,
D_JOL D,104,1,Late - Early,74,StudyProc5,,Clothes - ?,,0,U,,,,,,,,
D_JOL A,105,2,Charm - Vehicle,80,StudyProc5,,Vehicle - ?,,0,U,,,,,,,,
